keyword,language,country,category,confidence,source,added_date
women,unknown,,auto_extracted,proposed,hs_sweep_freq_17,2026-03-18
ugly,unknown,,auto_extracted,proposed,hs_sweep_freq_8,2026-03-18
siaves,unknown,,auto_extracted,proposed,hs_sweep_freq_7,2026-03-18
west,unknown,,auto_extracted,proposed,hs_sweep_freq_7,2026-03-18
group,unknown,,auto_extracted,proposed,hs_sweep_freq_6,2026-03-18
african,unknown,,auto_extracted,proposed,hs_sweep_freq_6,2026-03-18
nigerian,unknown,,auto_extracted,proposed,hs_sweep_freq_6,2026-03-18
black,unknown,,auto_extracted,proposed,hs_sweep_freq_6,2026-03-18
either,unknown,,auto_extracted,proposed,hs_sweep_freq_5,2026-03-18
guys,unknown,,auto_extracted,proposed,hs_sweep_freq_5,2026-03-18
somalitiktok,unknown,,auto_extracted,proposed,hs_sweep_freq_5,2026-03-19
south,unknown,,auto_extracted,proposed,hs_sweep_freq_4,2026-03-19
country,unknown,,auto_extracted,proposed,hs_sweep_freq_4,2026-03-19
justice,unknown,,auto_extracted,proposed,hs_sweep_freq_3,2026-03-19
march,unknown,,auto_extracted,proposed,hs_sweep_freq_3,2026-03-19
immediate,unknown,,auto_extracted,proposed,hs_sweep_freq_3,2026-03-19
announced,unknown,,auto_extracted,proposed,hs_sweep_freq_3,2026-03-19
official,unknown,,auto_extracted,proposed,hs_sweep_freq_3,2026-03-19
including,unknown,,auto_extracted,proposed,hs_sweep_freq_3,2026-03-19
constitutional,unknown,,auto_extracted,proposed,hs_sweep_freq_3,2026-03-19
heavy,unknown,,auto_extracted,proposed,hs_sweep_freq_24,2026-03-19
rainfall,unknown,,auto_extracted,proposed,hs_sweep_freq_23,2026-03-19
several,unknown,,auto_extracted,proposed,hs_sweep_freq_21,2026-03-19
across,unknown,,auto_extracted,proposed,hs_sweep_freq_19,2026-03-19
parts,unknown,,auto_extracted,proposed,hs_sweep_freq_18,2026-03-19
expected,unknown,,auto_extracted,proposed,hs_sweep_freq_17,2026-03-19
department,unknown,,auto_extracted,proposed,hs_sweep_freq_17,2026-03-19
meteorological,unknown,,auto_extracted,proposed,hs_sweep_freq_13,2026-03-19
peak,unknown,,auto_extracted,proposed,hs_sweep_freq_12,2026-03-19
issued,unknown,,auto_extracted,proposed,hs_sweep_freq_12,2026-03-19
state,unknown,,auto_extracted,proposed,hs_sweep_freq_9,2026-03-20
president,unknown,,auto_extracted,proposed,hs_sweep_freq_9,2026-03-20
opposition,unknown,,auto_extracted,proposed,hs_sweep_freq_8,2026-03-20
talks,unknown,,auto_extracted,proposed,hs_sweep_freq_8,2026-03-20
support,unknown,,auto_extracted,proposed,hs_sweep_freq_8,2026-03-20
elections,unknown,,auto_extracted,proposed,hs_sweep_freq_8,2026-03-20
sudan,unknown,,auto_extracted,proposed,hs_sweep_freq_8,2026-03-20
federal,unknown,,auto_extracted,proposed,hs_sweep_freq_7,2026-03-20
ties,unknown,,auto_extracted,proposed,hs_sweep_freq_7,2026-03-20
security,unknown,,auto_extracted,proposed,hs_sweep_freq_7,2026-03-20
regions,unknown,,auto_extracted,proposed,hs_sweep_freq_10,2026-03-22
county,unknown,,auto_extracted,proposed,hs_sweep_freq_9,2026-03-22
flood,unknown,,auto_extracted,proposed,hs_sweep_freq_8,2026-03-22
health,unknown,,auto_extracted,proposed,hs_sweep_freq_8,2026-03-22
public,unknown,,auto_extracted,proposed,hs_sweep_freq_8,2026-03-22
news,unknown,,auto_extracted,proposed,hs_sweep_freq_7,2026-03-22
police,unknown,,auto_extracted,proposed,hs_sweep_freq_7,2026-03-22
daily,unknown,,auto_extracted,proposed,hs_sweep_freq_7,2026-03-22
operations,unknown,,auto_extracted,proposed,hs_sweep_freq_7,2026-03-22
weather,unknown,,auto_extracted,proposed,hs_sweep_freq_7,2026-03-22
leader,unknown,,auto_extracted,proposed,hs_sweep_freq_7,2026-03-23
action,unknown,,auto_extracted,proposed,hs_sweep_freq_6,2026-03-23
under,unknown,,auto_extracted,proposed,hs_sweep_freq_5,2026-03-23
government,unknown,,auto_extracted,proposed,hs_sweep_freq_5,2026-03-23
remains,unknown,,auto_extracted,proposed,hs_sweep_freq_5,2026-03-23
workers,unknown,,auto_extracted,proposed,hs_sweep_freq_5,2026-03-23
against,unknown,,auto_extracted,proposed,hs_sweep_freq_5,2026-03-23
kenyans,unknown,,auto_extracted,proposed,hs_sweep_freq_5,2026-03-23
called,unknown,,auto_extracted,proposed,hs_sweep_freq_4,2026-03-23
africa,unknown,,auto_extracted,proposed,hs_sweep_freq_4,2026-03-23
were,unknown,,auto_extracted,proposed,hs_sweep_freq_5,2026-03-23
made,unknown,,auto_extracted,proposed,hs_sweep_freq_4,2026-03-23
while,unknown,,auto_extracted,proposed,hs_sweep_freq_4,2026-03-23
calling,unknown,,auto_extracted,proposed,hs_sweep_freq_4,2026-03-23
urges,unknown,,auto_extracted,proposed,hs_sweep_freq_4,2026-03-23
peace,unknown,,auto_extracted,proposed,hs_sweep_freq_4,2026-03-23
among,unknown,,auto_extracted,proposed,hs_sweep_freq_4,2026-03-23
amid,unknown,,auto_extracted,proposed,hs_sweep_freq_4,2026-03-23
ahead,unknown,,auto_extracted,proposed,hs_sweep_freq_4,2026-03-23
reported,unknown,,auto_extracted,proposed,hs_sweep_freq_4,2026-03-23
mainaandkingangi,unknown,,auto_extracted,proposed,hs_sweep_freq_11,2026-03-24
areas,unknown,,auto_extracted,proposed,hs_sweep_freq_9,2026-03-24
reduce,unknown,,auto_extracted,proposed,hs_sweep_freq_8,2026-03-24
continue,unknown,,auto_extracted,proposed,hs_sweep_freq_8,2026-03-24
governor,unknown,,auto_extracted,proposed,hs_sweep_freq_8,2026-03-24
north,unknown,,auto_extracted,proposed,hs_sweep_freq_7,2026-03-24
weekly,unknown,,auto_extracted,proposed,hs_sweep_freq_6,2026-03-24
week,unknown,,auto_extracted,proposed,hs_sweep_freq_6,2026-03-24
amounts,unknown,,auto_extracted,proposed,hs_sweep_freq_6,2026-03-24
forecast,unknown,,auto_extracted,proposed,hs_sweep_freq_6,2026-03-24
southsudan,unknown,,auto_extracted,proposed,hs_sweep_freq_9,2026-03-24
national,unknown,,auto_extracted,proposed,hs_sweep_freq_8,2026-03-24
unity,unknown,,auto_extracted,proposed,hs_sweep_freq_8,2026-03-24
monytuil,unknown,,auto_extracted,proposed,hs_sweep_freq_7,2026-03-24
nguen,unknown,,auto_extracted,proposed,hs_sweep_freq_6,2026-03-24
joseph,unknown,,auto_extracted,proposed,hs_sweep_freq_6,2026-03-24
risk,unknown,,auto_extracted,proposed,hs_sweep_freq_5,2026-03-24
though,unknown,,auto_extracted,proposed,hs_sweep_freq_5,2026-03-24
progresses,unknown,,auto_extracted,proposed,hs_sweep_freq_5,2026-03-24
western,unknown,,auto_extracted,proposed,hs_sweep_freq_5,2026-03-24
counter,unknown,,auto_extracted,proposed,hs_sweep_freq_6,2026-03-25
morning,unknown,,auto_extracted,proposed,hs_sweep_freq_6,2026-03-25
forces,unknown,,auto_extracted,proposed,hs_sweep_freq_6,2026-03-25
media,unknown,,auto_extracted,proposed,hs_sweep_freq_5,2026-03-25
ongoing,unknown,,auto_extracted,proposed,hs_sweep_freq_5,2026-03-25
mohamed,unknown,,auto_extracted,proposed,hs_sweep_freq_5,2026-03-25
good,unknown,,auto_extracted,proposed,hs_sweep_freq_4,2026-03-25
photos,unknown,,auto_extracted,proposed,hs_sweep_freq_4,2026-03-25
point,unknown,,auto_extracted,proposed,hs_sweep_freq_4,2026-03-25
cannot,unknown,,auto_extracted,proposed,hs_sweep_freq_4,2026-03-25
likely,unknown,,auto_extracted,proposed,hs_sweep_freq_5,2026-03-25
riek,unknown,,auto_extracted,proposed,hs_sweep_freq_5,2026-03-25
first,unknown,,auto_extracted,proposed,hs_sweep_freq_5,2026-03-25
minister,unknown,,auto_extracted,proposed,hs_sweep_freq_5,2026-03-25
vice,unknown,,auto_extracted,proposed,hs_sweep_freq_5,2026-03-25
following,unknown,,auto_extracted,proposed,hs_sweep_freq_4,2026-03-25
outlook,unknown,,auto_extracted,proposed,hs_sweep_freq_4,2026-03-25
trend,unknown,,auto_extracted,proposed,hs_sweep_freq_4,2026-03-25
temperature,unknown,,auto_extracted,proposed,hs_sweep_freq_4,2026-03-25
coast,unknown,,auto_extracted,proposed,hs_sweep_freq_4,2026-03-25
somalis,unknown,,auto_extracted,proposed,hs_sweep_freq_8,2026-03-26
weekend,unknown,,auto_extracted,proposed,hs_sweep_freq_7,2026-03-26
africans,unknown,,auto_extracted,proposed,hs_sweep_freq_6,2026-03-26
june,unknown,,auto_extracted,proposed,hs_sweep_freq_6,2026-03-26
must,unknown,,auto_extracted,proposed,hs_sweep_freq_6,2026-03-26
movement,unknown,,auto_extracted,proposed,hs_sweep_freq_6,2026-03-26
crushed,unknown,,auto_extracted,proposed,hs_sweep_freq_5,2026-03-26
control,unknown,,auto_extracted,proposed,hs_sweep_freq_5,2026-03-26
created,unknown,,auto_extracted,proposed,hs_sweep_freq_5,2026-03-26
popular,unknown,,auto_extracted,proposed,hs_sweep_freq_5,2026-03-26
around,unknown,,auto_extracted,proposed,hs_sweep_freq_5,2026-03-26
woman,unknown,,auto_extracted,proposed,hs_sweep_freq_5,2026-03-26
system,unknown,,auto_extracted,proposed,hs_sweep_freq_5,2026-03-26
toward,unknown,,auto_extracted,proposed,hs_sweep_freq_5,2026-03-26
affairs,unknown,,auto_extracted,proposed,hs_sweep_freq_5,2026-03-26
salons,unknown,,auto_extracted,proposed,hs_sweep_freq_4,2026-03-26
listening,unknown,,auto_extracted,proposed,hs_sweep_freq_4,2026-03-26
ears,unknown,,auto_extracted,proposed,hs_sweep_freq_4,2026-03-26
cosmetics,unknown,,auto_extracted,proposed,hs_sweep_freq_4,2026-03-26
seeing,unknown,,auto_extracted,proposed,hs_sweep_freq_4,2026-03-26
isiolo,unknown,,auto_extracted,proposed,hs_sweep_freq_18,2026-03-27
laikipia,unknown,,auto_extracted,proposed,hs_sweep_freq_18,2026-03-27
dangerous,unknown,,auto_extracted,proposed,hs_sweep_freq_18,2026-03-27
murkomen,unknown,,auto_extracted,proposed,hs_sweep_freq_17,2026-03-27
disturbed,unknown,,auto_extracted,proposed,hs_sweep_freq_17,2026-03-27
days,unknown,,auto_extracted,proposed,hs_sweep_freq_11,2026-03-27
counties,unknown,,auto_extracted,proposed,hs_sweep_freq_11,2026-03-27
interior,unknown,,auto_extracted,proposed,hs_sweep_freq_11,2026-03-27
declares,unknown,,auto_extracted,proposed,hs_sweep_freq_10,2026-03-27
kipchumba,unknown,,auto_extracted,proposed,hs_sweep_freq_9,2026-03-27
dirty,unknown,,auto_extracted,proposed,hs_sweep_freq_18,2026-03-27
siave,unknown,,auto_extracted,proposed,hs_sweep_freq_13,2026-03-27
core,unknown,,auto_extracted,proposed,hs_sweep_freq_10,2026-03-27
fucking,unknown,,auto_extracted,proposed,hs_sweep_freq_10,2026-03-27
adoon,unknown,,auto_extracted,proposed,hs_sweep_freq_10,2026-03-27
ensiaved,unknown,,auto_extracted,proposed,hs_sweep_freq_9,2026-03-27
army,unknown,,auto_extracted,proposed,hs_sweep_freq_9,2026-03-27
operation,unknown,,auto_extracted,proposed,hs_sweep_freq_9,2026-03-27
comments,unknown,,auto_extracted,proposed,hs_sweep_freq_8,2026-03-27
glad,unknown,,auto_extracted,proposed,hs_sweep_freq_7,2026-03-27
tasis,unknown,,auto_extracted,proposed,hs_sweep_freq_9,2026-03-28
alliance,unknown,,auto_extracted,proposed,hs_sweep_freq_8,2026-03-28
year,unknown,,auto_extracted,proposed,hs_sweep_freq_6,2026-03-28
today,unknown,,auto_extracted,proposed,hs_sweep_freq_5,2026-03-28
ministry,unknown,,auto_extracted,proposed,hs_sweep_freq_5,2026-03-28
thursday,unknown,,auto_extracted,proposed,hs_sweep_freq_5,2026-03-28
without,unknown,,auto_extracted,proposed,hs_sweep_freq_4,2026-03-28
east,unknown,,auto_extracted,proposed,hs_sweep_freq_4,2026-03-28
community,unknown,,auto_extracted,proposed,hs_sweep_freq_4,2026-03-28
attack,unknown,,auto_extracted,proposed,hs_sweep_freq_4,2026-03-28
muslim,unknown,,auto_extracted,proposed,hs_sweep_freq_5,2026-03-28
united,unknown,,auto_extracted,proposed,hs_sweep_freq_4,2026-03-28
crying,unknown,,auto_extracted,proposed,hs_sweep_freq_4,2026-03-28
qabiil,unknown,,auto_extracted,proposed,hs_sweep_freq_4,2026-03-28
within,unknown,,auto_extracted,proposed,hs_sweep_freq_4,2026-03-28
individuals,unknown,,auto_extracted,proposed,hs_sweep_freq_4,2026-03-28
taban,unknown,,auto_extracted,proposed,hs_sweep_freq_4,2026-03-28
militias,unknown,,auto_extracted,proposed,hs_sweep_freq_4,2026-03-28
terrorist,unknown,,auto_extracted,proposed,hs_sweep_freq_4,2026-03-28
hate,unknown,,auto_extracted,proposed,hs_sweep_freq_3,2026-03-28
court,unknown,,auto_extracted,proposed,hs_sweep_freq_5,2026-03-29
tinubu,unknown,,auto_extracted,proposed,hs_sweep_freq_5,2026-03-29
passed,unknown,,auto_extracted,proposed,hs_sweep_freq_5,2026-03-29
fighters,unknown,,auto_extracted,proposed,hs_sweep_freq_5,2026-03-29
iswap,unknown,,auto_extracted,proposed,hs_sweep_freq_5,2026-03-29
borno,unknown,,auto_extracted,proposed,hs_sweep_freq_5,2026-03-29
rapid,unknown,,auto_extracted,proposed,hs_sweep_freq_5,2026-03-29
salva,unknown,,auto_extracted,proposed,hs_sweep_freq_5,2026-03-29
nothing,unknown,,auto_extracted,proposed,hs_sweep_freq_4,2026-03-29
picture,unknown,,auto_extracted,proposed,hs_sweep_freq_4,2026-03-29
infrastructure,unknown,,auto_extracted,proposed,hs_sweep_freq_7,2026-03-29
humanitarian,unknown,,auto_extracted,proposed,hs_sweep_freq_6,2026-03-29
darfur,unknown,,auto_extracted,proposed,hs_sweep_freq_6,2026-03-29
rights,unknown,,auto_extracted,proposed,hs_sweep_freq_5,2026-03-29
armed,unknown,,auto_extracted,proposed,hs_sweep_freq_5,2026-03-29
multiple,unknown,,auto_extracted,proposed,hs_sweep_freq_5,2026-03-29
january,unknown,,auto_extracted,proposed,hs_sweep_freq_5,2026-03-29
targeting,unknown,,auto_extracted,proposed,hs_sweep_freq_5,2026-03-29
picked,unknown,,auto_extracted,proposed,hs_sweep_freq_4,2026-03-29
city,unknown,,auto_extracted,proposed,hs_sweep_freq_4,2026-03-29
world,unknown,,auto_extracted,proposed,hs_sweep_freq_8,2026-03-30
april,unknown,,auto_extracted,proposed,hs_sweep_freq_7,2026-03-30
jareers,unknown,,auto_extracted,proposed,hs_sweep_freq_6,2026-03-30
clan,unknown,,auto_extracted,proposed,hs_sweep_freq_6,2026-03-30
abgaals,unknown,,auto_extracted,proposed,hs_sweep_freq_6,2026-03-30
brought,unknown,,auto_extracted,proposed,hs_sweep_freq_6,2026-03-30
influenced,unknown,,auto_extracted,proposed,hs_sweep_freq_6,2026-03-30
known,unknown,,auto_extracted,proposed,hs_sweep_freq_6,2026-03-30
three,unknown,,auto_extracted,proposed,hs_sweep_freq_5,2026-03-30
slavery,unknown,,auto_extracted,proposed,hs_sweep_freq_5,2026-03-30
years,unknown,,auto_extracted,proposed,hs_sweep_freq_8,2026-04-16
crisis,unknown,,auto_extracted,proposed,hs_sweep_freq_8,2026-04-16
burhan,unknown,,auto_extracted,proposed,hs_sweep_freq_7,2026-04-16
authority,unknown,,auto_extracted,proposed,hs_sweep_freq_6,2026-04-16
general,unknown,,auto_extracted,proposed,hs_sweep_freq_6,2026-04-16
political,unknown,,auto_extracted,proposed,hs_sweep_freq_6,2026-04-16
civil,unknown,,auto_extracted,proposed,hs_sweep_freq_6,2026-04-16
since,unknown,,auto_extracted,proposed,hs_sweep_freq_5,2026-04-16
institution,unknown,,auto_extracted,proposed,hs_sweep_freq_5,2026-04-16
power,unknown,,auto_extracted,proposed,hs_sweep_freq_5,2026-04-16
conflict,unknown,,auto_extracted,proposed,hs_sweep_freq_13,2026-04-16
military,unknown,,auto_extracted,proposed,hs_sweep_freq_12,2026-04-16
independence,unknown,,auto_extracted,proposed,hs_sweep_freq_12,2026-04-16
young,unknown,,auto_extracted,proposed,hs_sweep_freq_12,2026-04-16
long,unknown,,auto_extracted,proposed,hs_sweep_freq_11,2026-04-16
million,unknown,,auto_extracted,proposed,hs_sweep_freq_11,2026-04-16
last,unknown,,auto_extracted,proposed,hs_sweep_freq_10,2026-04-16
began,unknown,,auto_extracted,proposed,hs_sweep_freq_10,2026-04-16
months,unknown,,auto_extracted,proposed,hs_sweep_freq_9,2026-04-16
region,unknown,,auto_extracted,proposed,hs_sweep_freq_9,2026-04-16
leadership,unknown,,auto_extracted,proposed,hs_sweep_freq_10,2026-04-17
food,unknown,,auto_extracted,proposed,hs_sweep_freq_8,2026-04-17
struggle,unknown,,auto_extracted,proposed,hs_sweep_freq_7,2026-04-17
displaced,unknown,,auto_extracted,proposed,hs_sweep_freq_7,2026-04-17
civilians,unknown,,auto_extracted,proposed,hs_sweep_freq_7,2026-04-17
fighting,unknown,,auto_extracted,proposed,hs_sweep_freq_7,2026-04-17
mata,unknown,,auto_extracted,proposed,hs_sweep_freq_7,2026-04-17
jenoside,unknown,,auto_extracted,proposed,hs_sweep_freq_7,2026-04-17
bihutishe,unknown,,auto_extracted,proposed,hs_sweep_freq_7,2026-04-17
hashyizweho,unknown,,auto_extracted,proposed,hs_sweep_freq_7,2026-04-17
uhuru,unknown,,auto_extracted,proposed,hs_sweep_freq_9,2026-04-17
kibaki,unknown,,auto_extracted,proposed,hs_sweep_freq_8,2026-04-17
republic,unknown,,auto_extracted,proposed,hs_sweep_freq_7,2026-04-17
communities,unknown,,auto_extracted,proposed,hs_sweep_freq_7,2026-04-17
kikuyus,unknown,,auto_extracted,proposed,hs_sweep_freq_7,2026-04-17
kenyatta,unknown,,auto_extracted,proposed,hs_sweep_freq_7,2026-04-17
white,unknown,,auto_extracted,proposed,hs_sweep_freq_6,2026-04-17
watu,unknown,,auto_extracted,proposed,hs_sweep_freq_6,2026-04-17
authorities,unknown,,auto_extracted,proposed,hs_sweep_freq_6,2026-04-17
received,unknown,,auto_extracted,proposed,hs_sweep_freq_6,2026-04-17
sovereignty,unknown,,auto_extracted,proposed,hs_sweep_freq_12,2026-04-18
leaders,unknown,,auto_extracted,proposed,hs_sweep_freq_10,2026-04-18
corruption,unknown,,auto_extracted,proposed,hs_sweep_freq_9,2026-04-18
nation,unknown,,auto_extracted,proposed,hs_sweep_freq_8,2026-04-18
children,unknown,,auto_extracted,proposed,hs_sweep_freq_8,2026-04-18
foreign,unknown,,auto_extracted,proposed,hs_sweep_freq_8,2026-04-18
life,unknown,,auto_extracted,proposed,hs_sweep_freq_7,2026-04-18
having,unknown,,auto_extracted,proposed,hs_sweep_freq_6,2026-04-18
part,unknown,,auto_extracted,proposed,hs_sweep_freq_6,2026-04-18
right,unknown,,auto_extracted,proposed,hs_sweep_freq_6,2026-04-18
unmiss,unknown,,auto_extracted,proposed,hs_sweep_freq_11,2026-04-18
international,unknown,,auto_extracted,proposed,hs_sweep_freq_9,2026-04-18
investinpeace,unknown,,auto_extracted,proposed,hs_sweep_freq_9,2026-04-18
land,unknown,,auto_extracted,proposed,hs_sweep_freq_8,2026-04-18
srsg,unknown,,auto_extracted,proposed,hs_sweep_freq_8,2026-04-18
situation,unknown,,auto_extracted,proposed,hs_sweep_freq_8,2026-04-18
used,unknown,,auto_extracted,proposed,hs_sweep_freq_7,2026-04-18
early,unknown,,auto_extracted,proposed,hs_sweep_freq_7,2026-04-18
full,unknown,,auto_extracted,proposed,hs_sweep_freq_7,2026-04-18
lives,unknown,,auto_extracted,proposed,hs_sweep_freq_6,2026-04-18
council,unknown,,auto_extracted,proposed,hs_sweep_freq_36,2026-04-19
activities,unknown,,auto_extracted,proposed,hs_sweep_freq_31,2026-04-19
israel,unknown,,auto_extracted,proposed,hs_sweep_freq_12,2026-04-19
countries,unknown,,auto_extracted,proposed,hs_sweep_freq_12,2026-04-19
violence,unknown,,auto_extracted,proposed,hs_sweep_freq_12,2026-04-19
gbeho,unknown,,auto_extracted,proposed,hs_sweep_freq_12,2026-04-19
protection,unknown,,auto_extracted,proposed,hs_sweep_freq_11,2026-04-19
anita,unknown,,auto_extracted,proposed,hs_sweep_freq_11,2026-04-19
kiki,unknown,,auto_extracted,proposed,hs_sweep_freq_11,2026-04-19
real,unknown,,auto_extracted,proposed,hs_sweep_freq_10,2026-04-19
forging,unknown,,auto_extracted,proposed,hs_sweep_freq_10,2026-04-20
gokthisweek,unknown,,auto_extracted,proposed,hs_sweep_freq_10,2026-04-20
onwards,unknown,,auto_extracted,proposed,hs_sweep_freq_10,2026-04-20
stop,unknown,,auto_extracted,proposed,hs_sweep_freq_9,2026-04-20
live,unknown,,auto_extracted,proposed,hs_sweep_freq_9,2026-04-20
love,unknown,,auto_extracted,proposed,hs_sweep_freq_8,2026-04-20
history,unknown,,auto_extracted,proposed,hs_sweep_freq_8,2026-04-20
respect,unknown,,auto_extracted,proposed,hs_sweep_freq_7,2026-04-20
important,unknown,,auto_extracted,proposed,hs_sweep_freq_7,2026-04-20
words,unknown,,auto_extracted,proposed,hs_sweep_freq_7,2026-04-20
birth,unknown,,auto_extracted,proposed,hs_sweep_freq_14,2026-04-20
date,unknown,,auto_extracted,proposed,hs_sweep_freq_13,2026-04-20
battalion,unknown,,auto_extracted,proposed,hs_sweep_freq_13,2026-04-20
brigade,unknown,,auto_extracted,proposed,hs_sweep_freq_13,2026-04-20
rank,unknown,,auto_extracted,proposed,hs_sweep_freq_12,2026-04-20
return,unknown,,auto_extracted,proposed,hs_sweep_freq_12,2026-04-20
martyrdom,unknown,,auto_extracted,proposed,hs_sweep_freq_12,2026-04-20
killed,unknown,,auto_extracted,proposed,hs_sweep_freq_12,2026-04-20
moons,unknown,,auto_extracted,proposed,hs_sweep_freq_12,2026-04-20
belong,unknown,,auto_extracted,proposed,hs_sweep_freq_12,2026-04-20
coup,unknown,,auto_extracted,proposed,hs_sweep_freq_9,2026-04-21
stated,unknown,,auto_extracted,proposed,hs_sweep_freq_9,2026-04-21
true,unknown,,auto_extracted,proposed,hs_sweep_freq_8,2026-04-21
second,unknown,,auto_extracted,proposed,hs_sweep_freq_8,2026-04-21
arab,unknown,,auto_extracted,proposed,hs_sweep_freq_8,2026-04-21
using,unknown,,auto_extracted,proposed,hs_sweep_freq_8,2026-04-21
money,unknown,,auto_extracted,proposed,hs_sweep_freq_7,2026-04-21
present,unknown,,auto_extracted,proposed,hs_sweep_freq_7,2026-04-21
resources,unknown,,auto_extracted,proposed,hs_sweep_freq_7,2026-04-21
committed,unknown,,auto_extracted,proposed,hs_sweep_freq_7,2026-04-21
population,unknown,,auto_extracted,proposed,hs_sweep_freq_11,2026-04-21
nations,unknown,,auto_extracted,proposed,hs_sweep_freq_9,2026-04-21
blue,unknown,,auto_extracted,proposed,hs_sweep_freq_8,2026-04-21
nile,unknown,,auto_extracted,proposed,hs_sweep_freq_8,2026-04-21
another,unknown,,auto_extracted,proposed,hs_sweep_freq_8,2026-04-21
famine,unknown,,auto_extracted,proposed,hs_sweep_freq_8,2026-04-21
killing,unknown,,auto_extracted,proposed,hs_sweep_freq_8,2026-04-21
better,unknown,,auto_extracted,proposed,hs_sweep_freq_8,2026-04-21
based,unknown,,auto_extracted,proposed,hs_sweep_freq_7,2026-04-21
data,unknown,,auto_extracted,proposed,hs_sweep_freq_7,2026-04-21
almost,unknown,,auto_extracted,proposed,hs_sweep_freq_12,2026-04-22
later,unknown,,auto_extracted,proposed,hs_sweep_freq_11,2026-04-22
uganda,unknown,,auto_extracted,proposed,hs_sweep_freq_10,2026-04-22
family,unknown,,auto_extracted,proposed,hs_sweep_freq_10,2026-04-22
lies,unknown,,auto_extracted,proposed,hs_sweep_freq_9,2026-04-22
shared,unknown,,auto_extracted,proposed,hs_sweep_freq_9,2026-04-22
sense,unknown,,auto_extracted,proposed,hs_sweep_freq_9,2026-04-22
class,unknown,,auto_extracted,proposed,hs_sweep_freq_9,2026-04-22
near,unknown,,auto_extracted,proposed,hs_sweep_freq_9,2026-04-22
story,unknown,,auto_extracted,proposed,hs_sweep_freq_9,2026-04-22
came,unknown,,auto_extracted,proposed,hs_sweep_freq_10,2026-04-22
home,unknown,,auto_extracted,proposed,hs_sweep_freq_10,2026-04-22
away,unknown,,auto_extracted,proposed,hs_sweep_freq_9,2026-04-22
dead,unknown,,auto_extracted,proposed,hs_sweep_freq_9,2026-04-22
rather,unknown,,auto_extracted,proposed,hs_sweep_freq_8,2026-04-22
allah,unknown,,auto_extracted,proposed,hs_sweep_freq_8,2026-04-22
battle,unknown,,auto_extracted,proposed,hs_sweep_freq_8,2026-04-22
didn,unknown,,auto_extracted,proposed,hs_sweep_freq_8,2026-04-22
road,unknown,,auto_extracted,proposed,hs_sweep_freq_8,2026-04-22
took,unknown,,auto_extracted,proposed,hs_sweep_freq_8,2026-04-22
living,unknown,,auto_extracted,proposed,hs_sweep_freq_12,2026-04-23
term,unknown,,auto_extracted,proposed,hs_sweep_freq_9,2026-04-23
help,unknown,,auto_extracted,proposed,hs_sweep_freq_8,2026-04-23
citizens,unknown,,auto_extracted,proposed,hs_sweep_freq_7,2026-04-23
rest,unknown,,auto_extracted,proposed,hs_sweep_freq_7,2026-04-23
looting,unknown,,auto_extracted,proposed,hs_sweep_freq_6,2026-04-23
bird,unknown,,auto_extracted,proposed,hs_sweep_freq_6,2026-04-23
kwanzaa,unknown,,auto_extracted,proposed,hs_sweep_freq_6,2026-04-23
secure,unknown,,auto_extracted,proposed,hs_sweep_freq_6,2026-04-23
kadodikarnival,unknown,,auto_extracted,proposed,hs_sweep_freq_6,2026-04-23
guul,unknown,,auto_extracted,proposed,hs_sweep_freq_7,2026-04-23
samo,unknown,,auto_extracted,proposed,hs_sweep_freq_7,2026-04-23
waar,unknown,,auto_extracted,proposed,hs_sweep_freq_7,2026-04-23
gobanimo,unknown,,auto_extracted,proposed,hs_sweep_freq_7,2026-04-23
high,unknown,,auto_extracted,proposed,hs_sweep_freq_7,2026-04-23
place,unknown,,auto_extracted,proposed,hs_sweep_freq_6,2026-04-23
remain,unknown,,auto_extracted,proposed,hs_sweep_freq_6,2026-04-23
december,unknown,,auto_extracted,proposed,hs_sweep_freq_6,2026-04-23
ssox,unknown,,auto_extracted,proposed,hs_sweep_freq_6,2026-04-23
lagu,unknown,,auto_extracted,proposed,hs_sweep_freq_6,2026-04-23
until,unknown,,auto_extracted,proposed,hs_sweep_freq_9,2026-04-24
william,unknown,,auto_extracted,proposed,hs_sweep_freq_9,2026-04-24
murang,unknown,,auto_extracted,proposed,hs_sweep_freq_8,2026-04-24
next,unknown,,auto_extracted,proposed,hs_sweep_freq_8,2026-04-24
left,unknown,,auto_extracted,proposed,hs_sweep_freq_7,2026-04-24
mother,unknown,,auto_extracted,proposed,hs_sweep_freq_7,2026-04-24
everything,unknown,,auto_extracted,proposed,hs_sweep_freq_7,2026-04-24
death,unknown,,auto_extracted,proposed,hs_sweep_freq_7,2026-04-24
suffering,unknown,,auto_extracted,proposed,hs_sweep_freq_6,2026-04-24
please,unknown,,auto_extracted,proposed,hs_sweep_freq_6,2026-04-24
waxay,unknown,,auto_extracted,proposed,hs_sweep_freq_11,2026-04-24
happened,unknown,,auto_extracted,proposed,hs_sweep_freq_10,2026-04-24
born,unknown,,auto_extracted,proposed,hs_sweep_freq_10,2026-04-24
thanks,unknown,,auto_extracted,proposed,hs_sweep_freq_10,2026-04-24
everyone,unknown,,auto_extracted,proposed,hs_sweep_freq_9,2026-04-24
ground,unknown,,auto_extracted,proposed,hs_sweep_freq_8,2026-04-24
started,unknown,,auto_extracted,proposed,hs_sweep_freq_8,2026-04-24
market,unknown,,auto_extracted,proposed,hs_sweep_freq_7,2026-04-24
future,unknown,,auto_extracted,proposed,hs_sweep_freq_7,2026-04-24
told,unknown,,auto_extracted,proposed,hs_sweep_freq_7,2026-04-24
alone,unknown,,auto_extracted,proposed,hs_sweep_freq_6,2026-04-25
area,unknown,,auto_extracted,proposed,hs_sweep_freq_6,2026-04-25
lost,unknown,,auto_extracted,proposed,hs_sweep_freq_6,2026-04-25
liberation,unknown,,auto_extracted,proposed,hs_sweep_freq_6,2026-04-25
karibu,unknown,,auto_extracted,proposed,hs_sweep_freq_5,2026-04-25
someone,unknown,,auto_extracted,proposed,hs_sweep_freq_5,2026-04-25
village,unknown,,auto_extracted,proposed,hs_sweep_freq_5,2026-04-25
southsudannews,unknown,,auto_extracted,proposed,hs_sweep_freq_5,2026-04-25
pachodonews,unknown,,auto_extracted,proposed,hs_sweep_freq_5,2026-04-25
ssot,unknown,,auto_extracted,proposed,hs_sweep_freq_5,2026-04-25
themselves,unknown,,auto_extracted,proposed,hs_sweep_freq_5,2026-04-25
mistake,unknown,,auto_extracted,proposed,hs_sweep_freq_5,2026-04-25
kama,unknown,,auto_extracted,proposed,hs_sweep_freq_5,2026-04-25
largely,unknown,,auto_extracted,proposed,hs_sweep_freq_5,2026-04-25
ethnic,unknown,,auto_extracted,proposed,hs_sweep_freq_5,2026-04-25
private,unknown,,auto_extracted,proposed,hs_sweep_freq_5,2026-04-25
southsudanese,unknown,,auto_extracted,proposed,hs_sweep_freq_5,2026-04-25
sure,unknown,,auto_extracted,proposed,hs_sweep_freq_4,2026-04-25
bilabay,unknown,,auto_extracted,proposed,hs_sweep_freq_4,2026-04-25
hamigi,unknown,,auto_extracted,proposed,hs_sweep_freq_4,2026-04-25
total,unknown,,auto_extracted,proposed,hs_sweep_freq_6,2026-04-25
ever,unknown,,auto_extracted,proposed,hs_sweep_freq_5,2026-04-25
weeks,unknown,,auto_extracted,proposed,hs_sweep_freq_5,2026-04-25
roads,unknown,,auto_extracted,proposed,hs_sweep_freq_5,2026-04-25
trade,unknown,,auto_extracted,proposed,hs_sweep_freq_5,2026-04-25
together,unknown,,auto_extracted,proposed,hs_sweep_freq_5,2026-04-25
inta,unknown,,auto_extracted,proposed,hs_sweep_freq_4,2026-04-25
wuxu,unknown,,auto_extracted,proposed,hs_sweep_freq_4,2026-04-25
ethiopia,unknown,,auto_extracted,proposed,hs_sweep_freq_4,2026-04-25
groups,unknown,,auto_extracted,proposed,hs_sweep_freq_4,2026-04-25
raila,unknown,,auto_extracted,proposed,hs_sweep_freq_9,2026-04-26
leave,unknown,,auto_extracted,proposed,hs_sweep_freq_6,2026-04-26
keepeyesonsudan,unknown,,auto_extracted,proposed,hs_sweep_freq_6,2026-04-26
airstrikes,unknown,,auto_extracted,proposed,hs_sweep_freq_6,2026-04-26
northern,unknown,,auto_extracted,proposed,hs_sweep_freq_6,2026-04-26
goons,unknown,,auto_extracted,proposed,hs_sweep_freq_6,2026-04-26
jimmyseabackwithyouintaipei,unknown,,auto_extracted,proposed,hs_sweep_freq_6,2026-04-26
jsavocean,unknown,,auto_extracted,proposed,hs_sweep_freq_6,2026-04-26
taipei,unknown,,auto_extracted,proposed,hs_sweep_freq_6,2026-04-26
regime,unknown,,auto_extracted,proposed,hs_sweep_freq_6,2026-04-26
read,unknown,,auto_extracted,proposed,hs_sweep_freq_8,2026-04-26
down,unknown,,auto_extracted,proposed,hs_sweep_freq_7,2026-04-26
matatu,unknown,,auto_extracted,proposed,hs_sweep_freq_7,2026-04-26
kasongo,unknown,,auto_extracted,proposed,hs_sweep_freq_7,2026-04-26
picha,unknown,,auto_extracted,proposed,hs_sweep_freq_7,2026-04-26
water,unknown,,auto_extracted,proposed,hs_sweep_freq_7,2026-04-26
broke,unknown,,auto_extracted,proposed,hs_sweep_freq_7,2026-04-26
siku,unknown,,auto_extracted,proposed,hs_sweep_freq_6,2026-04-26
free,unknown,,auto_extracted,proposed,hs_sweep_freq_5,2026-04-26
causing,unknown,,auto_extracted,proposed,hs_sweep_freq_5,2026-04-26
keep,unknown,,auto_extracted,proposed,hs_sweep_freq_10,2026-04-27
taxpayers,unknown,,auto_extracted,proposed,hs_sweep_freq_9,2026-04-27
continues,unknown,,auto_extracted,proposed,hs_sweep_freq_7,2026-04-27
actually,unknown,,auto_extracted,proposed,hs_sweep_freq_6,2026-04-27
however,unknown,,auto_extracted,proposed,hs_sweep_freq_6,2026-04-27
thank,unknown,,auto_extracted,proposed,hs_sweep_freq_6,2026-04-27
watching,unknown,,auto_extracted,proposed,hs_sweep_freq_6,2026-04-27
unfortunately,unknown,,auto_extracted,proposed,hs_sweep_freq_6,2026-04-27
kuna,unknown,,auto_extracted,proposed,hs_sweep_freq_6,2026-04-27
expect,unknown,,auto_extracted,proposed,hs_sweep_freq_6,2026-04-27
fact,unknown,,auto_extracted,proposed,hs_sweep_freq_7,2026-04-27
making,unknown,,auto_extracted,proposed,hs_sweep_freq_6,2026-04-27
record,unknown,,auto_extracted,proposed,hs_sweep_freq_6,2026-04-27
name,unknown,,auto_extracted,proposed,hs_sweep_freq_5,2026-04-27
moment,unknown,,auto_extracted,proposed,hs_sweep_freq_5,2026-04-27
hore,unknown,,auto_extracted,proposed,hs_sweep_freq_5,2026-04-27
abwaan,unknown,,auto_extracted,proposed,hs_sweep_freq_5,2026-04-27
price,unknown,,auto_extracted,proposed,hs_sweep_freq_5,2026-04-27
broken,unknown,,auto_extracted,proposed,hs_sweep_freq_5,2026-04-27
died,unknown,,auto_extracted,proposed,hs_sweep_freq_5,2026-04-27
working,unknown,,auto_extracted,proposed,hs_sweep_freq_7,2026-04-28
visit,unknown,,auto_extracted,proposed,hs_sweep_freq_7,2026-04-28
refugees,unknown,,auto_extracted,proposed,hs_sweep_freq_7,2026-04-28
rerecognisesomalilandnow,unknown,,auto_extracted,proposed,hs_sweep_freq_6,2026-04-28
local,unknown,,auto_extracted,proposed,hs_sweep_freq_6,2026-04-28
town,unknown,,auto_extracted,proposed,hs_sweep_freq_6,2026-04-28
report,unknown,,auto_extracted,proposed,hs_sweep_freq_6,2026-04-28
states,unknown,,auto_extracted,proposed,hs_sweep_freq_6,2026-04-28
displacement,unknown,,auto_extracted,proposed,hs_sweep_freq_6,2026-04-28
families,unknown,,auto_extracted,proposed,hs_sweep_freq_6,2026-04-28
hunger,unknown,,auto_extracted,proposed,hs_sweep_freq_26,2026-04-30
acute,unknown,,auto_extracted,proposed,hs_sweep_freq_24,2026-04-30
nearly,unknown,,auto_extracted,proposed,hs_sweep_freq_17,2026-04-30
ngos,unknown,,auto_extracted,proposed,hs_sweep_freq_12,2026-04-30
acknowledged,unknown,,auto_extracted,proposed,hs_sweep_freq_11,2026-04-30
billahi,unknown,,auto_extracted,proposed,hs_sweep_freq_11,2026-04-30
decides,unknown,,auto_extracted,proposed,hs_sweep_freq_11,2026-04-30
tawfiq,unknown,,auto_extracted,proposed,hs_sweep_freq_11,2026-04-30
hidayah,unknown,,auto_extracted,proposed,hs_sweep_freq_11,2026-04-30
capitation,unknown,,auto_extracted,proposed,hs_sweep_freq_11,2026-04-30
july,unknown,,auto_extracted,proposed,hs_sweep_freq_6,2026-05-16
thousands,unknown,,auto_extracted,proposed,hs_sweep_freq_4,2026-05-16
serious,unknown,,auto_extracted,proposed,hs_sweep_freq_4,2026-05-16
courage,unknown,,auto_extracted,proposed,hs_sweep_freq_4,2026-05-16
tensions,unknown,,auto_extracted,proposed,hs_sweep_freq_4,2026-05-16
deeply,unknown,,auto_extracted,proposed,hs_sweep_freq_4,2026-05-16
freedom,unknown,,auto_extracted,proposed,hs_sweep_freq_4,2026-05-16
upon,unknown,,auto_extracted,proposed,hs_sweep_freq_4,2026-05-16
villages,unknown,,auto_extracted,proposed,hs_sweep_freq_4,2026-05-16
peaceful,unknown,,auto_extracted,proposed,hs_sweep_freq_4,2026-05-16
foryou,unknown,,auto_extracted,proposed,hs_sweep_freq_3,2026-05-17
foryoupage,unknown,,auto_extracted,proposed,hs_sweep_freq_3,2026-05-17
happy,unknown,,auto_extracted,proposed,hs_sweep_freq_3,2026-05-17
sacrifices,unknown,,auto_extracted,proposed,hs_sweep_freq_3,2026-05-17
kafir,unknown,,auto_extracted,proposed,hs_sweep_freq_4,2026-05-18
cafimaad,unknown,,auto_extracted,proposed,hs_sweep_freq_3,2026-05-18
hooyo,unknown,,auto_extracted,proposed,hs_sweep_freq_3,2026-05-18
guulayso,unknown,,auto_extracted,proposed,hs_sweep_freq_3,2026-05-18
marwalba,unknown,,auto_extracted,proposed,hs_sweep_freq_3,2026-05-18
cimridheer,unknown,,auto_extracted,proposed,hs_sweep_freq_3,2026-05-18
tribe,unknown,,auto_extracted,proposed,hs_sweep_freq_3,2026-05-18
recognition,unknown,,auto_extracted,proposed,hs_sweep_freq_3,2026-05-18
anyone,unknown,,auto_extracted,proposed,hs_sweep_freq_3,2026-05-18
chaos,unknown,,auto_extracted,proposed,hs_sweep_freq_3,2026-05-18
viva,unknown,,auto_extracted,proposed,hs_sweep_freq_4,2026-05-19
cadowgiin,unknown,,auto_extracted,proposed,hs_sweep_freq_4,2026-05-19
tacalaa,unknown,,auto_extracted,proposed,hs_sweep_freq_4,2026-05-19
qashinkaa,unknown,,auto_extracted,proposed,hs_sweep_freq_4,2026-05-19
hajabo,unknown,,auto_extracted,proposed,hs_sweep_freq_4,2026-05-19
xaawa,unknown,,auto_extracted,proposed,hs_sweep_freq_4,2026-05-19
inshallah,unknown,,auto_extracted,proposed,hs_sweep_freq_4,2026-05-19
tolkayoow,unknown,,auto_extracted,proposed,hs_sweep_freq_4,2026-05-19
guulaysta,unknown,,auto_extracted,proposed,hs_sweep_freq_4,2026-05-19
khaatumo,unknown,,auto_extracted,proposed,hs_sweep_freq_4,2026-05-19
woooooow,unknown,,auto_extracted,proposed,hs_sweep_freq_3,2026-05-20
duxaa,unknown,,auto_extracted,proposed,hs_sweep_freq_3,2026-05-20
fully,unknown,,auto_extracted,proposed,hs_sweep_freq_3,2026-05-20
update,unknown,,auto_extracted,proposed,hs_sweep_freq_3,2026-05-20
victims,unknown,,auto_extracted,proposed,hs_sweep_freq_3,2026-05-20
side,unknown,,auto_extracted,proposed,hs_sweep_freq_3,2026-05-21
claim,unknown,,auto_extracted,proposed,hs_sweep_freq_3,2026-05-21
saying,unknown,,auto_extracted,proposed,hs_sweep_freq_3,2026-05-21
looks,unknown,,auto_extracted,proposed,hs_sweep_freq_3,2026-05-21
dhantahay,unknown,,auto_extracted,proposed,hs_sweep_freq_3,2026-05-21
aaado,unknown,,auto_extracted,proposed,hs_sweep_freq_3,2026-05-21
horyaal,unknown,,auto_extracted,proposed,hs_sweep_freq_3,2026-05-21
gacal,unknown,,auto_extracted,proposed,hs_sweep_freq_3,2026-05-21
koobka,unknown,,auto_extracted,proposed,hs_sweep_freq_3,2026-05-21
idinkaa,unknown,,auto_extracted,proposed,hs_sweep_freq_3,2026-05-21
luos,unknown,,auto_extracted,proposed,hs_sweep_freq_6,2026-05-22
maumau,unknown,,auto_extracted,proposed,hs_sweep_freq_5,2026-05-22
rentakikuyu,unknown,,auto_extracted,proposed,hs_sweep_freq_5,2026-05-22
fake,unknown,,auto_extracted,proposed,hs_sweep_freq_5,2026-05-22
hates,unknown,,auto_extracted,proposed,hs_sweep_freq_5,2026-05-22
mtkenya,unknown,,auto_extracted,proposed,hs_sweep_freq_5,2026-05-22
arsenal,unknown,,auto_extracted,proposed,hs_sweep_freq_5,2026-05-22
settle,unknown,,auto_extracted,proposed,hs_sweep_freq_3,2026-05-22
remember,unknown,,auto_extracted,proposed,hs_sweep_freq_4,2026-05-23
matter,unknown,,auto_extracted,proposed,hs_sweep_freq_4,2026-05-23
sasa,unknown,,auto_extracted,proposed,hs_sweep_freq_3,2026-05-23
issues,unknown,,auto_extracted,proposed,hs_sweep_freq_3,2026-05-23
niko,unknown,,auto_extracted,proposed,hs_sweep_freq_3,2026-05-23
youths,unknown,,auto_extracted,proposed,hs_sweep_freq_4,2026-05-24
rachael,unknown,,auto_extracted,proposed,hs_sweep_freq_3,2026-05-24
traders,unknown,,auto_extracted,proposed,hs_sweep_freq_3,2026-05-24
killings,unknown,,auto_extracted,proposed,hs_sweep_freq_3,2026-05-24
labeling,unknown,,auto_extracted,proposed,hs_sweep_freq_3,2026-05-24
revived,unknown,,auto_extracted,proposed,hs_sweep_freq_3,2026-05-24
extorting,unknown,,auto_extracted,proposed,hs_sweep_freq_3,2026-05-24
wandeto,unknown,,auto_extracted,proposed,hs_sweep_freq_3,2026-05-24
wamunyoro,unknown,,auto_extracted,proposed,hs_sweep_freq_3,2026-05-24
responsible,unknown,,auto_extracted,proposed,hs_sweep_freq_3,2026-05-24
issue,unknown,,auto_extracted,proposed,hs_sweep_freq_3,2026-05-25
cabinet,unknown,,auto_extracted,proposed,hs_sweep_freq_3,2026-05-25
reviving,unknown,,auto_extracted,proposed,hs_sweep_freq_3,2026-05-25
calls,unknown,,auto_extracted,proposed,hs_sweep_freq_3,2026-05-27
ehel,unknown,,auto_extracted,proposed,hs_sweep_freq_3,2026-05-27
asxaaba,unknown,,auto_extracted,proposed,hs_sweep_freq_3,2026-05-27
mubaarik,unknown,,auto_extracted,proposed,hs_sweep_freq_3,2026-05-27
dhamaan,unknown,,auto_extracted,proposed,hs_sweep_freq_3,2026-05-27
ciida,unknown,,auto_extracted,proposed,hs_sweep_freq_3,2026-05-27
farxad,unknown,,auto_extracted,proposed,hs_sweep_freq_3,2026-05-27
aamein,unknown,,auto_extracted,proposed,hs_sweep_freq_3,2026-05-27
amein,unknown,,auto_extracted,proposed,hs_sweep_freq_3,2026-05-27
ciid,unknown,,auto_extracted,proposed,hs_sweep_freq_3,2026-05-27
stained,unknown,,auto_extracted,proposed,hs_sweep_freq_4,2026-05-28
dumb,unknown,,auto_extracted,proposed,hs_sweep_freq_4,2026-05-28
xuseen,unknown,,auto_extracted,proposed,hs_sweep_freq_4,2026-05-28
arabs,unknown,,auto_extracted,proposed,hs_sweep_freq_3,2026-05-28
ancestors,unknown,,auto_extracted,proposed,hs_sweep_freq_3,2026-05-28
research,unknown,,auto_extracted,proposed,hs_sweep_freq_3,2026-05-28
literally,unknown,,auto_extracted,proposed,hs_sweep_freq_3,2026-05-28
male,unknown,,auto_extracted,proposed,hs_sweep_freq_3,2026-05-28
traded,unknown,,auto_extracted,proposed,hs_sweep_freq_3,2026-05-28
fcking,unknown,,auto_extracted,proposed,hs_sweep_freq_3,2026-05-28
welcome,unknown,,auto_extracted,proposed,hs_sweep_freq_4,2026-05-29
great,unknown,,auto_extracted,proposed,hs_sweep_freq_3,2026-05-29
disaster,unknown,,auto_extracted,proposed,hs_sweep_freq_3,2026-05-29
mikeandkingangi,unknown,,auto_extracted,proposed,hs_sweep_freq_3,2026-05-29
galen,unknown,,auto_extracted,proposed,hs_sweep_freq_5,2026-05-30
ayay,unknown,,auto_extracted,proposed,hs_sweep_freq_5,2026-05-30
hayaan,unknown,,auto_extracted,proposed,hs_sweep_freq_5,2026-05-30
dhoweysteen,unknown,,auto_extracted,proposed,hs_sweep_freq_5,2026-05-30
finishini,unknown,,auto_extracted,proposed,hs_sweep_freq_5,2026-05-30
kkkk,unknown,,auto_extracted,proposed,hs_sweep_freq_5,2026-05-30
manta,unknown,,auto_extracted,proposed,hs_sweep_freq_5,2026-05-30
godobtii,unknown,,auto_extracted,proposed,hs_sweep_freq_5,2026-05-30
shufto,unknown,,auto_extracted,proposed,hs_sweep_freq_5,2026-05-30
therefore,unknown,,auto_extracted,proposed,hs_sweep_freq_3,2026-05-30
jobs,unknown,,auto_extracted,proposed,hs_sweep_freq_4,2026-05-31
understand,unknown,,auto_extracted,proposed,hs_sweep_freq_3,2026-05-31
tosin,unknown,,auto_extracted,proposed,hs_sweep_freq_3,2026-05-31
ayuu,unknown,,auto_extracted,proposed,hs_sweep_freq_3,2026-05-31
cayayaanka,unknown,,auto_extracted,proposed,hs_sweep_freq_3,2026-05-31
xassan,unknown,,auto_extracted,proposed,hs_sweep_freq_3,2026-05-31
abroad,unknown,,auto_extracted,proposed,hs_sweep_freq_3,2026-05-31
smeiiy,unknown,,auto_extracted,proposed,hs_sweep_freq_5,2026-06-01
london,unknown,,auto_extracted,proposed,hs_sweep_freq_5,2026-06-01
bare,unknown,,auto_extracted,proposed,hs_sweep_freq_5,2026-06-01
cousins,unknown,,auto_extracted,proposed,hs_sweep_freq_5,2026-06-01
taken,unknown,,auto_extracted,proposed,hs_sweep_freq_5,2026-06-01
woolwich,unknown,,auto_extracted,proposed,hs_sweep_freq_5,2026-06-01
opportunities,unknown,,auto_extracted,proposed,hs_sweep_freq_5,2026-06-01
employment,unknown,,auto_extracted,proposed,hs_sweep_freq_5,2026-06-01
likes,unknown,,auto_extracted,proposed,hs_sweep_freq_4,2026-06-01
whites,unknown,,auto_extracted,proposed,hs_sweep_freq_4,2026-06-01
madaraka,unknown,,auto_extracted,proposed,hs_sweep_freq_7,2026-06-02
residents,unknown,,auto_extracted,proposed,hs_sweep_freq_5,2026-06-02
waxa,unknown,,auto_extracted,proposed,hs_sweep_freq_3,2026-06-02
isku,unknown,,auto_extracted,proposed,hs_sweep_freq_3,2026-06-02
kupumzika,unknown,,auto_extracted,proposed,hs_sweep_freq_3,2026-06-02
hakuna,unknown,,auto_extracted,proposed,hs_sweep_freq_3,2026-06-02
ashuke,unknown,,auto_extracted,proposed,hs_sweep_freq_3,2026-06-02
lilahi,unknown,,auto_extracted,proposed,hs_sweep_freq_3,2026-06-02
lidiku,unknown,,auto_extracted,proposed,hs_sweep_freq_3,2026-06-02
ovee,unknown,,auto_extracted,proposed,hs_sweep_freq_3,2026-06-02
nyinyi,unknown,,auto_extracted,proposed,hs_sweep_freq_4,2026-06-03
sita,unknown,,auto_extracted,proposed,hs_sweep_freq_4,2026-06-03
mzima,unknown,,auto_extracted,proposed,hs_sweep_freq_4,2026-06-03
mmebaki,unknown,,auto_extracted,proposed,hs_sweep_freq_4,2026-06-03
buufi,unknown,,auto_extracted,proposed,hs_sweep_freq_3,2026-06-03
somalilandtiktok,unknown,,auto_extracted,proposed,hs_sweep_freq_3,2026-06-03
moved,unknown,,auto_extracted,proposed,hs_sweep_freq_3,2026-06-03
capital,unknown,,auto_extracted,proposed,hs_sweep_freq_9,2026-06-04
sheikh,unknown,,auto_extracted,proposed,hs_sweep_freq_9,2026-06-04
hassan,unknown,,auto_extracted,proposed,hs_sweep_freq_7,2026-06-04
ebola,unknown,,auto_extracted,proposed,hs_sweep_freq_7,2026-06-04
stability,unknown,,auto_extracted,proposed,hs_sweep_freq_6,2026-06-04
mohamud,unknown,,auto_extracted,proposed,hs_sweep_freq_6,2026-06-04
clashes,unknown,,auto_extracted,proposed,hs_sweep_freq_6,2026-06-04
breaking,unknown,,auto_extracted,proposed,hs_sweep_freq_5,2026-06-04
reportedly,unknown,,auto_extracted,proposed,hs_sweep_freq_5,2026-06-04
ahmed,unknown,,auto_extracted,proposed,hs_sweep_freq_5,2026-06-04
quarantine,unknown,,auto_extracted,proposed,hs_sweep_freq_15,2026-06-05
facility,unknown,,auto_extracted,proposed,hs_sweep_freq_11,2026-06-05
centre,unknown,,auto_extracted,proposed,hs_sweep_freq_9,2026-06-05
held,unknown,,auto_extracted,proposed,hs_sweep_freq_9,2026-06-05
house,unknown,,auto_extracted,proposed,hs_sweep_freq_9,2026-06-05
base,unknown,,auto_extracted,proposed,hs_sweep_freq_8,2026-06-05
protests,unknown,,auto_extracted,proposed,hs_sweep_freq_7,2026-06-05
build,unknown,,auto_extracted,proposed,hs_sweep_freq_7,2026-06-05
arrested,unknown,,auto_extracted,proposed,hs_sweep_freq_7,2026-06-05
america,unknown,,auto_extracted,proposed,hs_sweep_freq_6,2026-06-05
brotherhood,unknown,,auto_extracted,proposed,hs_sweep_freq_6,2026-06-06
ayaa,unknown,,auto_extracted,proposed,hs_sweep_freq_4,2026-06-06
founding,unknown,,auto_extracted,proposed,hs_sweep_freq_4,2026-06-06
coalition,unknown,,auto_extracted,proposed,hs_sweep_freq_4,2026-06-06
tribes,unknown,,auto_extracted,proposed,hs_sweep_freq_3,2026-06-06
inay,unknown,,auto_extracted,proposed,hs_sweep_freq_3,2026-06-06
kuwa,unknown,,auto_extracted,proposed,hs_sweep_freq_3,2026-06-06
training,unknown,,auto_extracted,proposed,hs_sweep_freq_3,2026-06-06
less,unknown,,auto_extracted,proposed,hs_sweep_freq_3,2026-06-06
wake,unknown,,auto_extracted,proposed,hs_sweep_freq_3,2026-06-06
referred,unknown,,auto_extracted,proposed,hs_sweep_freq_7,2026-06-07
discrimination,unknown,,auto_extracted,proposed,hs_sweep_freq_6,2026-06-07
face,unknown,,auto_extracted,proposed,hs_sweep_freq_6,2026-06-07
locally,unknown,,auto_extracted,proposed,hs_sweep_freq_5,2026-06-07
severe,unknown,,auto_extracted,proposed,hs_sweep_freq_5,2026-06-07
hard,unknown,,auto_extracted,proposed,hs_sweep_freq_5,2026-06-07
human,unknown,,auto_extracted,proposed,hs_sweep_freq_5,2026-06-07
hair,unknown,,auto_extracted,proposed,hs_sweep_freq_5,2026-06-07
jileec,unknown,,auto_extracted,proposed,hs_sweep_freq_5,2026-06-07
kura,unknown,,auto_extracted,proposed,hs_sweep_freq_5,2026-06-07
weapons,unknown,,auto_extracted,proposed,hs_sweep_freq_7,2026-06-08
plan,unknown,,auto_extracted,proposed,hs_sweep_freq_6,2026-06-08
force,unknown,,auto_extracted,proposed,hs_sweep_freq_6,2026-06-08
believe,unknown,,auto_extracted,proposed,hs_sweep_freq_5,2026-06-08
efforts,unknown,,auto_extracted,proposed,hs_sweep_freq_4,2026-06-08
best,unknown,,auto_extracted,proposed,hs_sweep_freq_4,2026-06-08
renaissance,unknown,,auto_extracted,proposed,hs_sweep_freq_4,2026-06-08
chance,unknown,,auto_extracted,proposed,hs_sweep_freq_4,2026-06-08
needs,unknown,,auto_extracted,proposed,hs_sweep_freq_4,2026-06-08
person,unknown,,auto_extracted,proposed,hs_sweep_freq_4,2026-06-08
development,unknown,,auto_extracted,proposed,hs_sweep_freq_9,2026-06-09
urban,unknown,,auto_extracted,proposed,hs_sweep_freq_9,2026-06-09
works,unknown,,auto_extracted,proposed,hs_sweep_freq_8,2026-06-09
diplomatic,unknown,,auto_extracted,proposed,hs_sweep_freq_8,2026-06-09
cooperation,unknown,,auto_extracted,proposed,hs_sweep_freq_8,2026-06-09
partial,unknown,,auto_extracted,proposed,hs_sweep_freq_8,2026-06-09
investment,unknown,,auto_extracted,proposed,hs_sweep_freq_7,2026-06-09
construction,unknown,,auto_extracted,proposed,hs_sweep_freq_7,2026-06-09
global,unknown,,auto_extracted,proposed,hs_sweep_freq_7,2026-06-09
further,unknown,,auto_extracted,proposed,hs_sweep_freq_6,2026-06-09
entry,unknown,,auto_extracted,proposed,hs_sweep_freq_19,2026-06-10
omar,unknown,,auto_extracted,proposed,hs_sweep_freq_16,2026-06-10
artan,unknown,,auto_extracted,proposed,hs_sweep_freq_16,2026-06-10
referee,unknown,,auto_extracted,proposed,hs_sweep_freq_15,2026-06-10
denied,unknown,,auto_extracted,proposed,hs_sweep_freq_12,2026-06-10
fifa,unknown,,auto_extracted,proposed,hs_sweep_freq_10,2026-06-10
officials,unknown,,auto_extracted,proposed,hs_sweep_freq_9,2026-06-10
commission,unknown,,auto_extracted,proposed,hs_sweep_freq_9,2026-06-10
month,unknown,,auto_extracted,proposed,hs_sweep_freq_8,2026-06-10
abdulkadir,unknown,,auto_extracted,proposed,hs_sweep_freq_7,2026-06-10
hero,unknown,,auto_extracted,proposed,hs_sweep_freq_12,2026-06-11
heritage,unknown,,auto_extracted,proposed,hs_sweep_freq_12,2026-06-11
bill,unknown,,auto_extracted,proposed,hs_sweep_freq_10,2026-06-11
says,unknown,,auto_extracted,proposed,hs_sweep_freq_10,2026-06-11
nigeria,unknown,,auto_extracted,proposed,hs_sweep_freq_10,2026-06-11
officiate,unknown,,auto_extracted,proposed,hs_sweep_freq_9,2026-06-11
stadium,unknown,,auto_extracted,proposed,hs_sweep_freq_9,2026-06-11
introduced,unknown,,auto_extracted,proposed,hs_sweep_freq_9,2026-06-11
social,unknown,,auto_extracted,proposed,hs_sweep_freq_9,2026-06-11
seen,unknown,,auto_extracted,proposed,hs_sweep_freq_8,2026-06-11
care,unknown,,auto_extracted,proposed,hs_sweep_freq_8,2026-06-12
access,unknown,,auto_extracted,proposed,hs_sweep_freq_8,2026-06-12
airport,unknown,,auto_extracted,proposed,hs_sweep_freq_7,2026-06-12
terrorists,unknown,,auto_extracted,proposed,hs_sweep_freq_7,2026-06-12
change,unknown,,auto_extracted,proposed,hs_sweep_freq_7,2026-06-12
decades,unknown,,auto_extracted,proposed,hs_sweep_freq_6,2026-06-12
anti,unknown,,auto_extracted,proposed,hs_sweep_freq_6,2026-06-12
networks,unknown,,auto_extracted,proposed,hs_sweep_freq_6,2026-06-12
accountability,unknown,,auto_extracted,proposed,hs_sweep_freq_6,2026-06-12
british,unknown,,auto_extracted,proposed,hs_sweep_freq_6,2026-06-12
final,unknown,,auto_extracted,proposed,hs_sweep_freq_6,2026-06-13
others,unknown,,auto_extracted,proposed,hs_sweep_freq_5,2026-06-13
major,unknown,,auto_extracted,proposed,hs_sweep_freq_5,2026-06-13
football,unknown,,auto_extracted,proposed,hs_sweep_freq_5,2026-06-13
open,unknown,,auto_extracted,proposed,hs_sweep_freq_4,2026-06-13
seek,unknown,,auto_extracted,proposed,hs_sweep_freq_4,2026-06-13
border,unknown,,auto_extracted,proposed,hs_sweep_freq_4,2026-06-13
muslims,unknown,,auto_extracted,proposed,hs_sweep_freq_4,2026-06-13
vote,unknown,,auto_extracted,proposed,hs_sweep_freq_4,2026-06-13
uefa,unknown,,auto_extracted,proposed,hs_sweep_freq_4,2026-06-13
safety,unknown,,auto_extracted,proposed,hs_sweep_freq_10,2026-06-14
along,unknown,,auto_extracted,proposed,hs_sweep_freq_8,2026-06-14
process,unknown,,auto_extracted,proposed,hs_sweep_freq_8,2026-06-14
economic,unknown,,auto_extracted,proposed,hs_sweep_freq_7,2026-06-14
strengthen,unknown,,auto_extracted,proposed,hs_sweep_freq_7,2026-06-14
comprehensive,unknown,,auto_extracted,proposed,hs_sweep_freq_7,2026-06-14
enhancing,unknown,,auto_extracted,proposed,hs_sweep_freq_7,2026-06-14
commander,unknown,,auto_extracted,proposed,hs_sweep_freq_7,2026-06-14
strengthening,unknown,,auto_extracted,proposed,hs_sweep_freq_7,2026-06-14
building,unknown,,auto_extracted,proposed,hs_sweep_freq_7,2026-06-14
tanzania,unknown,,auto_extracted,proposed,hs_sweep_freq_4,2026-06-15
democratic,unknown,,auto_extracted,proposed,hs_sweep_freq_4,2026-06-15
something,unknown,,auto_extracted,proposed,hs_sweep_freq_3,2026-06-15
sool,unknown,,auto_extracted,proposed,hs_sweep_freq_3,2026-06-15
rwanda,unknown,,auto_extracted,proposed,hs_sweep_freq_3,2026-06-15
cycle,unknown,,auto_extracted,proposed,hs_sweep_freq_3,2026-06-15
sifuna,unknown,,auto_extracted,proposed,hs_sweep_freq_3,2026-06-15
ndio,unknown,,auto_extracted,proposed,hs_sweep_freq_3,2026-06-15
hapa,unknown,,auto_extracted,proposed,hs_sweep_freq_3,2026-06-15
karua,unknown,,auto_extracted,proposed,hs_sweep_freq_3,2026-06-15
billion,unknown,,auto_extracted,proposed,hs_sweep_freq_21,2026-06-16
fraud,unknown,,auto_extracted,proposed,hs_sweep_freq_21,2026-06-16
office,unknown,,auto_extracted,proposed,hs_sweep_freq_19,2026-06-16
question,unknown,,auto_extracted,proposed,hs_sweep_freq_17,2026-06-16
progress,unknown,,auto_extracted,proposed,hs_sweep_freq_16,2026-06-16
american,unknown,,auto_extracted,proposed,hs_sweep_freq_14,2026-06-16
election,unknown,,auto_extracted,proposed,hs_sweep_freq_14,2026-06-16
service,unknown,,auto_extracted,proposed,hs_sweep_freq_13,2026-06-16
education,unknown,,auto_extracted,proposed,hs_sweep_freq_13,2026-06-16
legal,unknown,,auto_extracted,proposed,hs_sweep_freq_13,2026-06-16
members,unknown,,auto_extracted,proposed,hs_sweep_freq_15,2026-06-17
growing,unknown,,auto_extracted,proposed,hs_sweep_freq_15,2026-06-17
agency,unknown,,auto_extracted,proposed,hs_sweep_freq_14,2026-06-17
illegal,unknown,,auto_extracted,proposed,hs_sweep_freq_12,2026-06-17
project,unknown,,auto_extracted,proposed,hs_sweep_freq_12,2026-06-17
prosperity,unknown,,auto_extracted,proposed,hs_sweep_freq_11,2026-06-17
statement,unknown,,auto_extracted,proposed,hs_sweep_freq_11,2026-06-17
close,unknown,,auto_extracted,proposed,hs_sweep_freq_11,2026-06-17
summit,unknown,,auto_extracted,proposed,hs_sweep_freq_11,2026-06-17
according,unknown,,auto_extracted,proposed,hs_sweep_freq_11,2026-06-17
happening,unknown,,auto_extracted,proposed,hs_sweep_freq_13,2026-06-18
girl,unknown,,auto_extracted,proposed,hs_sweep_freq_11,2026-06-18
pure,unknown,,auto_extracted,proposed,hs_sweep_freq_11,2026-06-18
administration,unknown,,auto_extracted,proposed,hs_sweep_freq_11,2026-06-18
failed,unknown,,auto_extracted,proposed,hs_sweep_freq_11,2026-06-18
growth,unknown,,auto_extracted,proposed,hs_sweep_freq_11,2026-06-18
despite,unknown,,auto_extracted,proposed,hs_sweep_freq_11,2026-06-18
egypt,unknown,,auto_extracted,proposed,hs_sweep_freq_10,2026-06-18
past,unknown,,auto_extracted,proposed,hs_sweep_freq_10,2026-06-18
energy,unknown,,auto_extracted,proposed,hs_sweep_freq_10,2026-06-18
finance,unknown,,auto_extracted,proposed,hs_sweep_freq_20,2026-06-19
discussions,unknown,,auto_extracted,proposed,hs_sweep_freq_13,2026-06-19
meeting,unknown,,auto_extracted,proposed,hs_sweep_freq_12,2026-06-19
comes,unknown,,auto_extracted,proposed,hs_sweep_freq_11,2026-06-19
talking,unknown,,auto_extracted,proposed,hs_sweep_freq_10,2026-06-19
speaking,unknown,,auto_extracted,proposed,hs_sweep_freq_10,2026-06-19
proposed,unknown,,auto_extracted,proposed,hs_sweep_freq_10,2026-06-19
sector,unknown,,auto_extracted,proposed,hs_sweep_freq_10,2026-06-19
strong,unknown,,auto_extracted,proposed,hs_sweep_freq_10,2026-06-19
rise,unknown,,auto_extracted,proposed,hs_sweep_freq_10,2026-06-19
business,unknown,,auto_extracted,proposed,hs_sweep_freq_16,2026-06-20
particularly,unknown,,auto_extracted,proposed,hs_sweep_freq_16,2026-06-20
direct,unknown,,auto_extracted,proposed,hs_sweep_freq_15,2026-06-20
intelligence,unknown,,auto_extracted,proposed,hs_sweep_freq_15,2026-06-20
crime,unknown,,auto_extracted,proposed,hs_sweep_freq_14,2026-06-20
appears,unknown,,auto_extracted,proposed,hs_sweep_freq_13,2026-06-20
ethiopian,unknown,,auto_extracted,proposed,hs_sweep_freq_12,2026-06-20
linked,unknown,,auto_extracted,proposed,hs_sweep_freq_12,2026-06-20
horn,unknown,,auto_extracted,proposed,hs_sweep_freq_12,2026-06-20
current,unknown,,auto_extracted,proposed,hs_sweep_freq_12,2026-06-20
instead,unknown,,auto_extracted,proposed,hs_sweep_freq_14,2026-06-21
single,unknown,,auto_extracted,proposed,hs_sweep_freq_13,2026-06-21
immediately,unknown,,auto_extracted,proposed,hs_sweep_freq_12,2026-06-21
behind,unknown,,auto_extracted,proposed,hs_sweep_freq_11,2026-06-21
critical,unknown,,auto_extracted,proposed,hs_sweep_freq_10,2026-06-21
built,unknown,,auto_extracted,proposed,hs_sweep_freq_10,2026-06-21
yesterday,unknown,,auto_extracted,proposed,hs_sweep_freq_10,2026-06-21
evidence,unknown,,auto_extracted,proposed,hs_sweep_freq_10,2026-06-21
case,unknown,,auto_extracted,proposed,hs_sweep_freq_10,2026-06-21
truly,unknown,,auto_extracted,proposed,hs_sweep_freq_10,2026-06-21
regional,unknown,,auto_extracted,proposed,hs_sweep_freq_17,2026-06-22
former,unknown,,auto_extracted,proposed,hs_sweep_freq_13,2026-06-22
welfare,unknown,,auto_extracted,proposed,hs_sweep_freq_13,2026-06-22
whose,unknown,,auto_extracted,proposed,hs_sweep_freq_12,2026-06-22
politicians,unknown,,auto_extracted,proposed,hs_sweep_freq_12,2026-06-22
sunday,unknown,,auto_extracted,proposed,hs_sweep_freq_11,2026-06-22
paid,unknown,,auto_extracted,proposed,hs_sweep_freq_11,2026-06-22
supporting,unknown,,auto_extracted,proposed,hs_sweep_freq_11,2026-06-22
girls,unknown,,auto_extracted,proposed,hs_sweep_freq_10,2026-06-22
cause,unknown,,auto_extracted,proposed,hs_sweep_freq_10,2026-06-22
dignity,unknown,,auto_extracted,proposed,hs_sweep_freq_15,2026-06-23
deployed,unknown,,auto_extracted,proposed,hs_sweep_freq_14,2026-06-23
significant,unknown,,auto_extracted,proposed,hs_sweep_freq_14,2026-06-23
senior,unknown,,auto_extracted,proposed,hs_sweep_freq_13,2026-06-23
member,unknown,,auto_extracted,proposed,hs_sweep_freq_12,2026-06-23
monday,unknown,,auto_extracted,proposed,hs_sweep_freq_12,2026-06-23
ensure,unknown,,auto_extracted,proposed,hs_sweep_freq_12,2026-06-23
minnesota,unknown,,auto_extracted,proposed,hs_sweep_freq_11,2026-06-23
financing,unknown,,auto_extracted,proposed,hs_sweep_freq_11,2026-06-23
mass,unknown,,auto_extracted,proposed,hs_sweep_freq_11,2026-06-23
move,unknown,,auto_extracted,proposed,hs_sweep_freq_18,2026-06-24
expansion,unknown,,auto_extracted,proposed,hs_sweep_freq_13,2026-06-24
related,unknown,,auto_extracted,proposed,hs_sweep_freq_12,2026-06-24
services,unknown,,auto_extracted,proposed,hs_sweep_freq_12,2026-06-24
claimed,unknown,,auto_extracted,proposed,hs_sweep_freq_12,2026-06-24
abdi,unknown,,auto_extracted,proposed,hs_sweep_freq_11,2026-06-24
commitment,unknown,,auto_extracted,proposed,hs_sweep_freq_11,2026-06-24
businesses,unknown,,auto_extracted,proposed,hs_sweep_freq_11,2026-06-24
trying,unknown,,auto_extracted,proposed,hs_sweep_freq_10,2026-06-24
problem,unknown,,auto_extracted,proposed,hs_sweep_freq_10,2026-06-24
prime,unknown,,auto_extracted,proposed,hs_sweep_freq_19,2026-06-25
hold,unknown,,auto_extracted,proposed,hs_sweep_freq_18,2026-06-25
arrived,unknown,,auto_extracted,proposed,hs_sweep_freq_15,2026-06-25
continued,unknown,,auto_extracted,proposed,hs_sweep_freq_14,2026-06-25
threat,unknown,,auto_extracted,proposed,hs_sweep_freq_12,2026-06-25
number,unknown,,auto_extracted,proposed,hs_sweep_freq_12,2026-06-25
clear,unknown,,auto_extracted,proposed,hs_sweep_freq_11,2026-06-25
challenges,unknown,,auto_extracted,proposed,hs_sweep_freq_11,2026-06-25
forced,unknown,,auto_extracted,proposed,hs_sweep_freq_11,2026-06-25
deputy,unknown,,auto_extracted,proposed,hs_sweep_freq_10,2026-06-25
congo,unknown,,auto_extracted,proposed,hs_sweep_freq_16,2026-06-26
hambalyo,unknown,,auto_extracted,proposed,hs_sweep_freq_14,2026-06-26
immigration,unknown,,auto_extracted,proposed,hs_sweep_freq_11,2026-06-26
central,unknown,,auto_extracted,proposed,hs_sweep_freq_9,2026-06-26
eritrea,unknown,,auto_extracted,proposed,hs_sweep_freq_8,2026-06-26
libya,unknown,,auto_extracted,proposed,hs_sweep_freq_8,2026-06-26
largest,unknown,,auto_extracted,proposed,hs_sweep_freq_8,2026-06-26
constitution,unknown,,auto_extracted,proposed,hs_sweep_freq_7,2026-06-26
interests,unknown,,auto_extracted,proposed,hs_sweep_freq_7,2026-06-26
maandamano,unknown,,auto_extracted,proposed,hs_sweep_freq_7,2026-06-26
yemen,unknown,,auto_extracted,proposed,hs_sweep_freq_11,2026-06-27
juun,unknown,,auto_extracted,proposed,hs_sweep_freq_10,2026-06-27
somaliyeed,unknown,,auto_extracted,proposed,hs_sweep_freq_9,2026-06-27
policy,unknown,,auto_extracted,proposed,hs_sweep_freq_9,2026-06-27
dadka,unknown,,auto_extracted,proposed,hs_sweep_freq_8,2026-06-27
safe,unknown,,auto_extracted,proposed,hs_sweep_freq_8,2026-06-27
cases,unknown,,auto_extracted,proposed,hs_sweep_freq_8,2026-06-27
kale,unknown,,auto_extracted,proposed,hs_sweep_freq_7,2026-06-27
solidarity,unknown,,auto_extracted,proposed,hs_sweep_freq_7,2026-06-27
burundi,unknown,,auto_extracted,proposed,hs_sweep_freq_7,2026-06-27
lasting,unknown,,auto_extracted,proposed,hs_sweep_freq_10,2026-06-28
cameroon,unknown,,auto_extracted,proposed,hs_sweep_freq_10,2026-06-28
institutions,unknown,,auto_extracted,proposed,hs_sweep_freq_9,2026-06-28
trump,unknown,,auto_extracted,proposed,hs_sweep_freq_9,2026-06-28
iran,unknown,,auto_extracted,proposed,hs_sweep_freq_8,2026-06-28
warning,unknown,,auto_extracted,proposed,hs_sweep_freq_8,2026-06-28
visa,unknown,,auto_extracted,proposed,hs_sweep_freq_8,2026-06-28
attacks,unknown,,auto_extracted,proposed,hs_sweep_freq_8,2026-06-28
recent,unknown,,auto_extracted,proposed,hs_sweep_freq_8,2026-06-28
times,unknown,,auto_extracted,proposed,hs_sweep_freq_7,2026-06-28
haiti,unknown,,auto_extracted,proposed,hs_sweep_freq_15,2026-06-29
afghanistan,unknown,,auto_extracted,proposed,hs_sweep_freq_13,2026-06-29
myanmar,unknown,,auto_extracted,proposed,hs_sweep_freq_13,2026-06-29
syria,unknown,,auto_extracted,proposed,hs_sweep_freq_13,2026-06-29
korea,unknown,,auto_extracted,proposed,hs_sweep_freq_10,2026-06-29
russia,unknown,,auto_extracted,proposed,hs_sweep_freq_10,2026-06-29
china,unknown,,auto_extracted,proposed,hs_sweep_freq_10,2026-06-29
child,unknown,,auto_extracted,proposed,hs_sweep_freq_9,2026-06-29
worst,unknown,,auto_extracted,proposed,hs_sweep_freq_9,2026-06-29
response,unknown,,auto_extracted,proposed,hs_sweep_freq_9,2026-06-29
liberia,unknown,,auto_extracted,proposed,hs_sweep_freq_12,2026-06-30
sierra,unknown,,auto_extracted,proposed,hs_sweep_freq_11,2026-06-30
leone,unknown,,auto_extracted,proposed,hs_sweep_freq_11,2026-06-30
poor,unknown,,auto_extracted,proposed,hs_sweep_freq_10,2026-06-30
officially,unknown,,auto_extracted,proposed,hs_sweep_freq_8,2026-06-30
meds,unknown,,auto_extracted,proposed,hs_sweep_freq_8,2026-06-30
aids,unknown,,auto_extracted,proposed,hs_sweep_freq_8,2026-06-30
matters,unknown,,auto_extracted,proposed,hs_sweep_freq_7,2026-06-30
means,unknown,,auto_extracted,proposed,hs_sweep_freq_7,2026-06-30
five,unknown,,auto_extracted,proposed,hs_sweep_freq_7,2026-06-30
ghana,unknown,,auto_extracted,proposed,hs_sweep_freq_10,2026-07-01
personnel,unknown,,auto_extracted,proposed,hs_sweep_freq_10,2026-07-01
pakistan,unknown,,auto_extracted,proposed,hs_sweep_freq_9,2026-07-01
india,unknown,,auto_extracted,proposed,hs_sweep_freq_9,2026-07-01
deep,unknown,,auto_extracted,proposed,hs_sweep_freq_8,2026-07-01
level,unknown,,auto_extracted,proposed,hs_sweep_freq_8,2026-07-01
convoy,unknown,,auto_extracted,proposed,hs_sweep_freq_8,2026-07-01
ensuring,unknown,,auto_extracted,proposed,hs_sweep_freq_8,2026-07-01
zimbabwe,unknown,,auto_extracted,proposed,hs_sweep_freq_8,2026-07-01
algeria,unknown,,auto_extracted,proposed,hs_sweep_freq_8,2026-07-01
petroleum,unknown,,auto_extracted,proposed,hs_sweep_freq_10,2026-07-02
fuel,unknown,,auto_extracted,proposed,hs_sweep_freq_8,2026-07-02
goodies,unknown,,auto_extracted,proposed,hs_sweep_freq_8,2026-07-02
julai,unknown,,auto_extracted,proposed,hs_sweep_freq_7,2026-07-02
agreements,unknown,,auto_extracted,proposed,hs_sweep_freq_7,2026-07-02
jumatano,unknown,,auto_extracted,proposed,hs_sweep_freq_6,2026-07-02
magazetiyaleo,unknown,,auto_extracted,proposed,hs_sweep_freq_6,2026-07-02
politics,unknown,,auto_extracted,proposed,hs_sweep_freq_6,2026-07-02
became,unknown,,auto_extracted,proposed,hs_sweep_freq_6,2026-07-02
wherever,unknown,,auto_extracted,proposed,hs_sweep_freq_6,2026-07-02
affordable,unknown,,auto_extracted,proposed,hs_sweep_freq_15,2026-07-03
napigiaruto,unknown,,auto_extracted,proposed,hs_sweep_freq_15,2026-07-03
housing,unknown,,auto_extracted,proposed,hs_sweep_freq_15,2026-07-03
projects,unknown,,auto_extracted,proposed,hs_sweep_freq_12,2026-07-03
protect,unknown,,auto_extracted,proposed,hs_sweep_freq_9,2026-07-03
urgent,unknown,,auto_extracted,proposed,hs_sweep_freq_8,2026-07-03
helping,unknown,,auto_extracted,proposed,hs_sweep_freq_7,2026-07-03
information,unknown,,auto_extracted,proposed,hs_sweep_freq_7,2026-07-03
basketball,unknown,,auto_extracted,proposed,hs_sweep_freq_7,2026-07-03
emergency,unknown,,auto_extracted,proposed,hs_sweep_freq_7,2026-07-03
dialogue,unknown,,auto_extracted,proposed,hs_sweep_freq_13,2026-07-04
role,unknown,,auto_extracted,proposed,hs_sweep_freq_9,2026-07-04
beyond,unknown,,auto_extracted,proposed,hs_sweep_freq_9,2026-07-04
director,unknown,,auto_extracted,proposed,hs_sweep_freq_9,2026-07-04
partners,unknown,,auto_extracted,proposed,hs_sweep_freq_9,2026-07-04
jumamosi,unknown,,auto_extracted,proposed,hs_sweep_freq_8,2026-07-04
kingdom,unknown,,auto_extracted,proposed,hs_sweep_freq_8,2026-07-04
cost,unknown,,auto_extracted,proposed,hs_sweep_freq_8,2026-07-04
professionalism,unknown,,auto_extracted,proposed,hs_sweep_freq_8,2026-07-04
broader,unknown,,auto_extracted,proposed,hs_sweep_freq_8,2026-07-04
viral,unknown,,auto_extracted,proposed,hs_sweep_freq_9,2026-07-05
refugee,unknown,,auto_extracted,proposed,hs_sweep_freq_9,2026-07-05
foreigners,unknown,,auto_extracted,proposed,hs_sweep_freq_9,2026-07-05
friend,unknown,,auto_extracted,proposed,hs_sweep_freq_7,2026-07-05
eventually,unknown,,auto_extracted,proposed,hs_sweep_freq_7,2026-07-05
directly,unknown,,auto_extracted,proposed,hs_sweep_freq_7,2026-07-05
society,unknown,,auto_extracted,proposed,hs_sweep_freq_7,2026-07-05
fear,unknown,,auto_extracted,proposed,hs_sweep_freq_7,2026-07-05
ally,unknown,,auto_extracted,proposed,hs_sweep_freq_6,2026-07-05
noel,unknown,,auto_extracted,proposed,hs_sweep_freq_6,2026-07-05
agreement,unknown,,auto_extracted,proposed,hs_sweep_freq_12,2026-07-06
morocco,unknown,,auto_extracted,proposed,hs_sweep_freq_10,2026-07-06
angola,unknown,,auto_extracted,proposed,hs_sweep_freq_9,2026-07-06
prevent,unknown,,auto_extracted,proposed,hs_sweep_freq_9,2026-07-06
stakeholders,unknown,,auto_extracted,proposed,hs_sweep_freq_9,2026-07-06
mozambique,unknown,,auto_extracted,proposed,hs_sweep_freq_9,2026-07-06
implementation,unknown,,auto_extracted,proposed,hs_sweep_freq_8,2026-07-06
insecurity,unknown,,auto_extracted,proposed,hs_sweep_freq_8,2026-07-06
mission,unknown,,auto_extracted,proposed,hs_sweep_freq_8,2026-07-06
mauritius,unknown,,auto_extracted,proposed,hs_sweep_freq_8,2026-07-06
delegation,unknown,,auto_extracted,proposed,hs_sweep_freq_12,2026-07-07
lamola,unknown,,auto_extracted,proposed,hs_sweep_freq_12,2026-07-07
least,unknown,,auto_extracted,proposed,hs_sweep_freq_10,2026-07-07
james,unknown,,auto_extracted,proposed,hs_sweep_freq_10,2026-07-07
warned,unknown,,auto_extracted,proposed,hs_sweep_freq_10,2026-07-07
deaths,unknown,,auto_extracted,proposed,hs_sweep_freq_10,2026-07-07
engagement,unknown,,auto_extracted,proposed,hs_sweep_freq_10,2026-07-07
morgan,unknown,,auto_extracted,proposed,hs_sweep_freq_9,2026-07-07
ronald,unknown,,auto_extracted,proposed,hs_sweep_freq_9,2026-07-07
committee,unknown,,auto_extracted,proposed,hs_sweep_freq_9,2026-07-07
addressing,unknown,,auto_extracted,proposed,hs_sweep_freq_10,2026-07-08
technical,unknown,,auto_extracted,proposed,hs_sweep_freq_10,2026-07-08
decisions,unknown,,auto_extracted,proposed,hs_sweep_freq_9,2026-07-08
address,unknown,,auto_extracted,proposed,hs_sweep_freq_7,2026-07-08
arrest,unknown,,auto_extracted,proposed,hs_sweep_freq_7,2026-07-08
review,unknown,,auto_extracted,proposed,hs_sweep_freq_7,2026-07-08
gender,unknown,,auto_extracted,proposed,hs_sweep_freq_7,2026-07-08
genuine,unknown,,auto_extracted,proposed,hs_sweep_freq_7,2026-07-08
capacity,unknown,,auto_extracted,proposed,hs_sweep_freq_7,2026-07-08
average,unknown,,auto_extracted,proposed,hs_sweep_freq_6,2026-07-08
plus,unknown,,auto_extracted,proposed,hs_sweep_freq_11,2026-07-09
dangote,unknown,,auto_extracted,proposed,hs_sweep_freq_10,2026-07-09
alongside,unknown,,auto_extracted,proposed,hs_sweep_freq_9,2026-07-09
strategic,unknown,,auto_extracted,proposed,hs_sweep_freq_9,2026-07-09
embassy,unknown,,auto_extracted,proposed,hs_sweep_freq_8,2026-07-09
briefing,unknown,,auto_extracted,proposed,hs_sweep_freq_7,2026-07-09
biggest,unknown,,auto_extracted,proposed,hs_sweep_freq_7,2026-07-09
coming,unknown,,auto_extracted,proposed,hs_sweep_freq_6,2026-07-09
continent,unknown,,auto_extracted,proposed,hs_sweep_freq_6,2026-07-09
save,unknown,,auto_extracted,proposed,hs_sweep_freq_6,2026-07-09
anniversary,unknown,,auto_extracted,proposed,hs_sweep_freq_19,2026-07-10
celebrate,unknown,,auto_extracted,proposed,hs_sweep_freq_15,2026-07-10
marks,unknown,,auto_extracted,proposed,hs_sweep_freq_13,2026-07-10
hope,unknown,,auto_extracted,proposed,hs_sweep_freq_9,2026-07-10
joint,unknown,,auto_extracted,proposed,hs_sweep_freq_8,2026-07-10
occasion,unknown,,auto_extracted,proposed,hs_sweep_freq_8,2026-07-10
congratulations,unknown,,auto_extracted,proposed,hs_sweep_freq_8,2026-07-10
backed,unknown,,auto_extracted,proposed,hs_sweep_freq_8,2026-07-10
join,unknown,,auto_extracted,proposed,hs_sweep_freq_7,2026-07-10
religious,unknown,,auto_extracted,proposed,hs_sweep_freq_7,2026-07-10
lgbtqia,unknown,,auto_extracted,proposed,hs_sweep_freq_11,2026-07-11
gained,unknown,,auto_extracted,proposed,hs_sweep_freq_9,2026-07-11
journey,unknown,,auto_extracted,proposed,hs_sweep_freq_8,2026-07-11
fair,unknown,,auto_extracted,proposed,hs_sweep_freq_8,2026-07-11
sustainable,unknown,,auto_extracted,proposed,hs_sweep_freq_7,2026-07-11
responsibility,unknown,,auto_extracted,proposed,hs_sweep_freq_7,2026-07-11
youth,unknown,,auto_extracted,proposed,hs_sweep_freq_7,2026-07-11
empowerment,unknown,,auto_extracted,proposed,hs_sweep_freq_7,2026-07-11
drought,unknown,,auto_extracted,proposed,hs_sweep_freq_7,2026-07-11
longer,unknown,,auto_extracted,proposed,hs_sweep_freq_7,2026-07-11
raised,unknown,,auto_extracted,proposed,hs_sweep_freq_14,2026-07-12
cultural,unknown,,auto_extracted,proposed,hs_sweep_freq_12,2026-07-12
financial,unknown,,auto_extracted,proposed,hs_sweep_freq_11,2026-07-12
cultures,unknown,,auto_extracted,proposed,hs_sweep_freq_10,2026-07-12
organizations,unknown,,auto_extracted,proposed,hs_sweep_freq_10,2026-07-12
millions,unknown,,auto_extracted,proposed,hs_sweep_freq_9,2026-07-12
lapsset,unknown,,auto_extracted,proposed,hs_sweep_freq_9,2026-07-12
corridor,unknown,,auto_extracted,proposed,hs_sweep_freq_9,2026-07-12
southsudanat,unknown,,auto_extracted,proposed,hs_sweep_freq_9,2026-07-12
courts,unknown,,auto_extracted,proposed,hs_sweep_freq_9,2026-07-12
speak,unknown,,auto_extracted,proposed,hs_sweep_freq_9,2026-07-13
holyofholiesagenda,unknown,,auto_extracted,proposed,hs_sweep_freq_8,2026-07-13
asia,unknown,,auto_extracted,proposed,hs_sweep_freq_7,2026-07-13
goonism,unknown,,auto_extracted,proposed,hs_sweep_freq_7,2026-07-13
mount,unknown,,auto_extracted,proposed,hs_sweep_freq_7,2026-07-13
nationals,unknown,,auto_extracted,proposed,hs_sweep_freq_7,2026-07-13
tallest,unknown,,auto_extracted,proposed,hs_sweep_freq_7,2026-07-13
reports,unknown,,auto_extracted,proposed,hs_sweep_freq_7,2026-07-13
pray,unknown,,auto_extracted,proposed,hs_sweep_freq_7,2026-07-13
transport,unknown,,auto_extracted,proposed,hs_sweep_freq_7,2026-07-13
union,unknown,,auto_extracted,proposed,hs_sweep_freq_12,2026-07-14
kenyattauniversity,unknown,,auto_extracted,proposed,hs_sweep_freq_12,2026-07-14
visited,unknown,,auto_extracted,proposed,hs_sweep_freq_10,2026-07-14
special,unknown,,auto_extracted,proposed,hs_sweep_freq_10,2026-07-14
bank,unknown,,auto_extracted,proposed,hs_sweep_freq_10,2026-07-14
university,unknown,,auto_extracted,proposed,hs_sweep_freq_10,2026-07-14
include,unknown,,auto_extracted,proposed,hs_sweep_freq_10,2026-07-14
administrative,unknown,,auto_extracted,proposed,hs_sweep_freq_9,2026-07-14
ceremony,unknown,,auto_extracted,proposed,hs_sweep_freq_9,2026-07-14
educational,unknown,,auto_extracted,proposed,hs_sweep_freq_9,2026-07-14
juillet,unknown,,auto_extracted,proposed,hs_sweep_freq_6,2026-07-15
modi,unknown,,auto_extracted,proposed,hs_sweep_freq_5,2026-07-15
kalou,unknown,,auto_extracted,proposed,hs_sweep_freq_5,2026-07-15
pour,unknown,,auto_extracted,proposed,hs_sweep_freq_5,2026-07-15
ouganda,unknown,,auto_extracted,proposed,hs_sweep_freq_5,2026-07-15
doing,unknown,,auto_extracted,proposed,hs_sweep_freq_4,2026-07-15
ballot,unknown,,auto_extracted,proposed,hs_sweep_freq_4,2026-07-15
ruling,unknown,,auto_extracted,proposed,hs_sweep_freq_4,2026-07-15
homes,unknown,,auto_extracted,proposed,hs_sweep_freq_4,2026-07-15
lived,unknown,,auto_extracted,proposed,hs_sweep_freq_4,2026-07-15
places,unknown,,auto_extracted,proposed,hs_sweep_freq_10,2026-07-16
different,unknown,,auto_extracted,proposed,hs_sweep_freq_7,2026-07-16
medical,unknown,,auto_extracted,proposed,hs_sweep_freq_7,2026-07-16
domestic,unknown,,auto_extracted,proposed,hs_sweep_freq_7,2026-07-16
currently,unknown,,auto_extracted,proposed,hs_sweep_freq_6,2026-07-16
decision,unknown,,auto_extracted,proposed,hs_sweep_freq_6,2026-07-16
chad,unknown,,auto_extracted,proposed,hs_sweep_freq_6,2026-07-16
facing,unknown,,auto_extracted,proposed,hs_sweep_freq_6,2026-07-16
colonial,unknown,,auto_extracted,proposed,hs_sweep_freq_6,2026-07-16
laga,unknown,,auto_extracted,proposed,hs_sweep_freq_5,2026-07-16
modern,unknown,,auto_extracted,proposed,hs_sweep_freq_16,2026-07-17
assistance,unknown,,auto_extracted,proposed,hs_sweep_freq_12,2026-07-17
four,unknown,,auto_extracted,proposed,hs_sweep_freq_10,2026-07-17
doesn,unknown,,auto_extracted,proposed,hs_sweep_freq_9,2026-07-17
connectivity,unknown,,auto_extracted,proposed,hs_sweep_freq_9,2026-07-17
defence,unknown,,auto_extracted,proposed,hs_sweep_freq_8,2026-07-17
port,unknown,,auto_extracted,proposed,hs_sweep_freq_8,2026-07-17
little,unknown,,auto_extracted,proposed,hs_sweep_freq_8,2026-07-17
blood,unknown,,auto_extracted,proposed,hs_sweep_freq_7,2026-07-17
partnership,unknown,,auto_extracted,proposed,hs_sweep_freq_7,2026-07-17
party,unknown,,auto_extracted,proposed,hs_sweep_freq_9,2026-07-18
plans,unknown,,auto_extracted,proposed,hs_sweep_freq_9,2026-07-18
estimated,unknown,,auto_extracted,proposed,hs_sweep_freq_8,2026-07-18
boost,unknown,,auto_extracted,proposed,hs_sweep_freq_8,2026-07-18
permanent,unknown,,auto_extracted,proposed,hs_sweep_freq_8,2026-07-18
investors,unknown,,auto_extracted,proposed,hs_sweep_freq_8,2026-07-18
residency,unknown,,auto_extracted,proposed,hs_sweep_freq_8,2026-07-18
digital,unknown,,auto_extracted,proposed,hs_sweep_freq_7,2026-07-18
create,unknown,,auto_extracted,proposed,hs_sweep_freq_7,2026-07-18
golden,unknown,,auto_extracted,proposed,hs_sweep_freq_7,2026-07-18
argentina,unknown,,auto_extracted,proposed,hs_sweep_freq_10,2026-07-19
leading,unknown,,auto_extracted,proposed,hs_sweep_freq_8,2026-07-19
kyiv,unknown,,auto_extracted,proposed,hs_sweep_freq_7,2026-07-19
gameikoon,unknown,,auto_extracted,proposed,hs_sweep_freq_7,2026-07-19
polesanajubilee,unknown,,auto_extracted,proposed,hs_sweep_freq_7,2026-07-19
theinformerdigital,unknown,,auto_extracted,proposed,hs_sweep_freq_7,2026-07-19
david,unknown,,auto_extracted,proposed,hs_sweep_freq_7,2026-07-19
kiaraho,unknown,,auto_extracted,proposed,hs_sweep_freq_7,2026-07-19
njuguna,unknown,,auto_extracted,proposed,hs_sweep_freq_7,2026-07-19
theinformerweekly,unknown,,auto_extracted,proposed,hs_sweep_freq_7,2026-07-19
fees,unknown,,auto_extracted,proposed,hs_sweep_freq_12,2026-07-20
rules,unknown,,auto_extracted,proposed,hs_sweep_freq_10,2026-07-20
period,unknown,,auto_extracted,proposed,hs_sweep_freq_10,2026-07-20
reality,unknown,,auto_extracted,proposed,hs_sweep_freq_9,2026-07-20
regulations,unknown,,auto_extracted,proposed,hs_sweep_freq_9,2026-07-20
granting,unknown,,auto_extracted,proposed,hs_sweep_freq_9,2026-07-20
posts,unknown,,auto_extracted,proposed,hs_sweep_freq_7,2026-07-20
newly,unknown,,auto_extracted,proposed,hs_sweep_freq_7,2026-07-20
center,unknown,,auto_extracted,proposed,hs_sweep_freq_7,2026-07-20
himself,unknown,,auto_extracted,proposed,hs_sweep_freq_7,2026-07-20
peacebuilding,unknown,,auto_extracted,proposed,hs_sweep_freq_11,2026-07-21
wani,unknown,,auto_extracted,proposed,hs_sweep_freq_11,2026-07-21
igadyouthlead,unknown,,auto_extracted,proposed,hs_sweep_freq_11,2026-07-21
igga,unknown,,auto_extracted,proposed,hs_sweep_freq_11,2026-07-21
forum,unknown,,auto_extracted,proposed,hs_sweep_freq_11,2026-07-21
youthvoicesforpeace,unknown,,auto_extracted,proposed,hs_sweep_freq_11,2026-07-21
prof,unknown,,auto_extracted,proposed,hs_sweep_freq_8,2026-07-21
metric,unknown,,auto_extracted,proposed,hs_sweep_freq_8,2026-07-21
ugandans,unknown,,auto_extracted,proposed,hs_sweep_freq_8,2026-07-21
stands,unknown,,auto_extracted,proposed,hs_sweep_freq_8,2026-07-21
creating,unknown,,auto_extracted,proposed,hs_sweep_freq_11,2026-07-22
session,unknown,,auto_extracted,proposed,hs_sweep_freq_11,2026-07-22
inclusive,unknown,,auto_extracted,proposed,hs_sweep_freq_11,2026-07-22
expanding,unknown,,auto_extracted,proposed,hs_sweep_freq_10,2026-07-22
urged,unknown,,auto_extracted,proposed,hs_sweep_freq_9,2026-07-22
historical,unknown,,auto_extracted,proposed,hs_sweep_freq_9,2026-07-22
reconciliation,unknown,,auto_extracted,proposed,hs_sweep_freq_8,2026-07-22
parliament,unknown,,auto_extracted,proposed,hs_sweep_freq_8,2026-07-22
secretary,unknown,,auto_extracted,proposed,hs_sweep_freq_8,2026-07-22
agriculture,unknown,,auto_extracted,proposed,hs_sweep_freq_7,2026-07-22
mayardit,unknown,,auto_extracted,proposed,hs_sweep_freq_12,2026-07-23
reserves,unknown,,auto_extracted,proposed,hs_sweep_freq_8,2026-07-23
excellency,unknown,,auto_extracted,proposed,hs_sweep_freq_8,2026-07-23
governance,unknown,,auto_extracted,proposed,hs_sweep_freq_8,2026-07-23
ready,unknown,,auto_extracted,proposed,hs_sweep_freq_7,2026-07-23
river,unknown,,auto_extracted,proposed,hs_sweep_freq_7,2026-07-23
conditions,unknown,,auto_extracted,proposed,hs_sweep_freq_7,2026-07-23
source,unknown,,auto_extracted,proposed,hs_sweep_freq_7,2026-07-23
gambia,unknown,,auto_extracted,proposed,hs_sweep_freq_7,2026-07-23
malawi,unknown,,auto_extracted,proposed,hs_sweep_freq_7,2026-07-23
bilateral,unknown,,auto_extracted,proposed,hs_sweep_freq_9,2026-07-24
cross,unknown,,auto_extracted,proposed,hs_sweep_freq_9,2026-07-24
planning,unknown,,auto_extracted,proposed,hs_sweep_freq_8,2026-07-24
preparedness,unknown,,auto_extracted,proposed,hs_sweep_freq_7,2026-07-24
presidents,unknown,,auto_extracted,proposed,hs_sweep_freq_7,2026-07-24
looking,unknown,,auto_extracted,proposed,hs_sweep_freq_6,2026-07-24
costs,unknown,,auto_extracted,proposed,hs_sweep_freq_6,2026-07-24
outbreak,unknown,,auto_extracted,proposed,hs_sweep_freq_6,2026-07-24
claiming,unknown,,auto_extracted,proposed,hs_sweep_freq_5,2026-07-24
play,unknown,,auto_extracted,proposed,hs_sweep_freq_5,2026-07-24
deal,unknown,,auto_extracted,proposed,hs_sweep_freq_10,2026-07-25
arua,unknown,,auto_extracted,proposed,hs_sweep_freq_9,2026-07-25
improve,unknown,,auto_extracted,proposed,hs_sweep_freq_9,2026-07-25
claims,unknown,,auto_extracted,proposed,hs_sweep_freq_9,2026-07-25
district,unknown,,auto_extracted,proposed,hs_sweep_freq_8,2026-07-25
kilometer,unknown,,auto_extracted,proposed,hs_sweep_freq_8,2026-07-25
disputes,unknown,,auto_extracted,proposed,hs_sweep_freq_8,2026-07-25
migration,unknown,,auto_extracted,proposed,hs_sweep_freq_7,2026-07-25
agreed,unknown,,auto_extracted,proposed,hs_sweep_freq_7,2026-07-25
threats,unknown,,auto_extracted,proposed,hs_sweep_freq_7,2026-07-25
supreme,unknown,,auto_extracted,proposed,hs_sweep_freq_19,2026-07-26
judge,unknown,,auto_extracted,proposed,hs_sweep_freq_19,2026-07-26
migrants,unknown,,auto_extracted,proposed,hs_sweep_freq_19,2026-07-26
ending,unknown,,auto_extracted,proposed,hs_sweep_freq_19,2026-07-26
temporary,unknown,,auto_extracted,proposed,hs_sweep_freq_18,2026-07-26
protected,unknown,,auto_extracted,proposed,hs_sweep_freq_17,2026-07-26
impeached,unknown,,auto_extracted,proposed,hs_sweep_freq_17,2026-07-26
leftist,unknown,,auto_extracted,proposed,hs_sweep_freq_15,2026-07-26
blocking,unknown,,auto_extracted,proposed,hs_sweep_freq_15,2026-07-26
ethiopians,unknown,,auto_extracted,proposed,hs_sweep_freq_15,2026-07-26
list,unknown,,auto_extracted,proposed,hs_sweep_freq_13,2026-07-27
existential,unknown,,auto_extracted,proposed,hs_sweep_freq_13,2026-07-27
badingilo,unknown,,auto_extracted,proposed,hs_sweep_freq_12,2026-07-27
boma,unknown,,auto_extracted,proposed,hs_sweep_freq_12,2026-07-27
unesco,unknown,,auto_extracted,proposed,hs_sweep_freq_11,2026-07-27
landscape,unknown,,auto_extracted,proposed,hs_sweep_freq_11,2026-07-27
migratory,unknown,,auto_extracted,proposed,hs_sweep_freq_11,2026-07-27
expand,unknown,,auto_extracted,proposed,hs_sweep_freq_9,2026-07-27
voter,unknown,,auto_extracted,proposed,hs_sweep_freq_8,2026-07-27
voters,unknown,,auto_extracted,proposed,hs_sweep_freq_8,2026-07-27
campaign,unknown,,auto_extracted,proposed,hs_sweep_freq_10,2026-07-28
stay,unknown,,auto_extracted,proposed,hs_sweep_freq_9,2026-07-28
madagascar,unknown,,auto_extracted,proposed,hs_sweep_freq_8,2026-07-28
civic,unknown,,auto_extracted,proposed,hs_sweep_freq_8,2026-07-28
sides,unknown,,auto_extracted,proposed,hs_sweep_freq_7,2026-07-28
namibia,unknown,,auto_extracted,proposed,hs_sweep_freq_7,2026-07-28
benin,unknown,,auto_extracted,proposed,hs_sweep_freq_7,2026-07-28
milestone,unknown,,auto_extracted,proposed,hs_sweep_freq_7,2026-07-28
gabon,unknown,,auto_extracted,proposed,hs_sweep_freq_7,2026-07-28
mwananchi,unknown,,auto_extracted,proposed,hs_sweep_freq_6,2026-07-28
stand,unknown,,auto_extracted,proposed,hs_sweep_freq_10,2026-07-29
lack,unknown,,auto_extracted,proposed,hs_sweep_freq_8,2026-07-29
resilience,unknown,,auto_extracted,proposed,hs_sweep_freq_8,2026-07-29
potential,unknown,,auto_extracted,proposed,hs_sweep_freq_8,2026-07-29
islam,unknown,,auto_extracted,proposed,hs_sweep_freq_7,2026-07-29
democracy,unknown,,auto_extracted,proposed,hs_sweep_freq_7,2026-07-29
sharing,unknown,,auto_extracted,proposed,hs_sweep_freq_7,2026-07-29
gave,unknown,,auto_extracted,proposed,hs_sweep_freq_7,2026-07-29
enough,unknown,,auto_extracted,proposed,hs_sweep_freq_7,2026-07-29
khartoum,unknown,,auto_extracted,proposed,hs_sweep_freq_7,2026-07-29
jklive,unknown,,auto_extracted,proposed,hs_sweep_freq_14,2026-07-30
circuit,unknown,,auto_extracted,proposed,hs_sweep_freq_12,2026-07-30
mande,unknown,,auto_extracted,proposed,hs_sweep_freq_12,2026-07-30
africano,unknown,,auto_extracted,proposed,hs_sweep_freq_12,2026-07-30
order,unknown,,auto_extracted,proposed,hs_sweep_freq_10,2026-07-30
gedima,unknown,,auto_extracted,proposed,hs_sweep_freq_9,2026-07-30
alhamisi,unknown,,auto_extracted,proposed,hs_sweep_freq_8,2026-07-30
described,unknown,,auto_extracted,proposed,hs_sweep_freq_8,2026-07-30
presidential,unknown,,auto_extracted,proposed,hs_sweep_freq_8,2026-07-30
karamagi,unknown,,auto_extracted,proposed,hs_sweep_freq_8,2026-07-30
martyrs,unknown,,auto_extracted,proposed,hs_sweep_freq_27,2026-07-31
heroes,unknown,,auto_extracted,proposed,hs_sweep_freq_16,2026-07-31
john,unknown,,auto_extracted,proposed,hs_sweep_freq_12,2026-07-31
garang,unknown,,auto_extracted,proposed,hs_sweep_freq_12,2026-07-31
commemorating,unknown,,auto_extracted,proposed,hs_sweep_freq_12,2026-07-31
mabior,unknown,,auto_extracted,proposed,hs_sweep_freq_10,2026-07-31
sacrifice,unknown,,auto_extracted,proposed,hs_sweep_freq_9,2026-07-31
honour,unknown,,auto_extracted,proposed,hs_sweep_freq_9,2026-07-31
foundation,unknown,,auto_extracted,proposed,hs_sweep_freq_8,2026-07-31
tribute,unknown,,auto_extracted,proposed,hs_sweep_freq_8,2026-07-31
addis,unknown,,auto_extracted,proposed,hs_sweep_freq_11,2026-08-01
ababa,unknown,,auto_extracted,proposed,hs_sweep_freq_11,2026-08-01
agosti,unknown,,auto_extracted,proposed,hs_sweep_freq_9,2026-08-01
august,unknown,,auto_extracted,proposed,hs_sweep_freq_9,2026-08-01
othow,unknown,,auto_extracted,proposed,hs_sweep_freq_8,2026-08-01
supported,unknown,,auto_extracted,proposed,hs_sweep_freq_8,2026-08-01
mammal,unknown,,auto_extracted,proposed,hs_sweep_freq_8,2026-08-01
xasan,unknown,,auto_extracted,proposed,hs_sweep_freq_7,2026-08-01
mind,unknown,,auto_extracted,proposed,hs_sweep_freq_7,2026-08-01
recently,unknown,,auto_extracted,proposed,hs_sweep_freq_7,2026-08-01
executive,unknown,,auto_extracted,proposed,hs_sweep_freq_12,2026-08-02
watch,unknown,,auto_extracted,proposed,hs_sweep_freq_12,2026-08-02
raia,unknown,,auto_extracted,proposed,hs_sweep_freq_10,2026-08-02
kwanza,unknown,,auto_extracted,proposed,hs_sweep_freq_9,2026-08-02
venezuela,unknown,,auto_extracted,proposed,hs_sweep_freq_8,2026-08-02
mchakato,unknown,,auto_extracted,proposed,hs_sweep_freq_8,2026-08-02
goes,unknown,,auto_extracted,proposed,hs_sweep_freq_7,2026-08-02
simple,unknown,,auto_extracted,proposed,hs_sweep_freq_7,2026-08-02
italy,unknown,,auto_extracted,proposed,hs_sweep_freq_7,2026-08-02
stays,unknown,,auto_extracted,proposed,hs_sweep_freq_7,2026-08-02
tourism,unknown,,auto_extracted,proposed,hs_sweep_freq_13,2026-08-03
experience,unknown,,auto_extracted,proposed,hs_sweep_freq_10,2026-08-03
site,unknown,,auto_extracted,proposed,hs_sweep_freq_9,2026-08-03
tourists,unknown,,auto_extracted,proposed,hs_sweep_freq_9,2026-08-03
enjoy,unknown,,auto_extracted,proposed,hs_sweep_freq_9,2026-08-03
dhex,unknown,,auto_extracted,proposed,hs_sweep_freq_8,2026-08-03
outside,unknown,,auto_extracted,proposed,hs_sweep_freq_8,2026-08-03
visitsouthsudan,unknown,,auto_extracted,proposed,hs_sweep_freq_8,2026-08-03
seeking,unknown,,auto_extracted,proposed,hs_sweep_freq_8,2026-08-03
opportunity,unknown,,auto_extracted,proposed,hs_sweep_freq_8,2026-08-03
jumanne,unknown,,auto_extracted,proposed,hs_sweep_freq_9,2026-08-04
earth,unknown,,auto_extracted,proposed,hs_sweep_freq_8,2026-08-04
realized,unknown,,auto_extracted,proposed,hs_sweep_freq_7,2026-08-04
surrounded,unknown,,auto_extracted,proposed,hs_sweep_freq_7,2026-08-04
traditional,unknown,,auto_extracted,proposed,hs_sweep_freq_7,2026-08-04
pride,unknown,,auto_extracted,proposed,hs_sweep_freq_7,2026-08-04
fishing,unknown,,auto_extracted,proposed,hs_sweep_freq_7,2026-08-04
fish,unknown,,auto_extracted,proposed,hs_sweep_freq_7,2026-08-04
kaguchia,unknown,,auto_extracted,proposed,hs_sweep_freq_6,2026-08-04
vulnerable,unknown,,auto_extracted,proposed,hs_sweep_freq_6,2026-08-04
accused,unknown,,auto_extracted,proposed,hs_sweep_freq_10,2026-08-05
terrorism,unknown,,auto_extracted,proposed,hs_sweep_freq_9,2026-08-05
gold,unknown,,auto_extracted,proposed,hs_sweep_freq_9,2026-08-05
cash,unknown,,auto_extracted,proposed,hs_sweep_freq_9,2026-08-05
destroyed,unknown,,auto_extracted,proposed,hs_sweep_freq_8,2026-08-05
serving,unknown,,auto_extracted,proposed,hs_sweep_freq_8,2026-08-05
locals,unknown,,auto_extracted,proposed,hs_sweep_freq_8,2026-08-05
restoration,unknown,,auto_extracted,proposed,hs_sweep_freq_8,2026-08-05
populations,unknown,,auto_extracted,proposed,hs_sweep_freq_8,2026-08-05
contributing,unknown,,auto_extracted,proposed,hs_sweep_freq_8,2026-08-05
moving,unknown,,auto_extracted,proposed,hs_sweep_freq_13,2026-08-06
natural,unknown,,auto_extracted,proposed,hs_sweep_freq_11,2026-08-06
equatoria,unknown,,auto_extracted,proposed,hs_sweep_freq_10,2026-08-06
antelopes,unknown,,auto_extracted,proposed,hs_sweep_freq_9,2026-08-06
pitia,unknown,,auto_extracted,proposed,hs_sweep_freq_8,2026-08-06
worldheritage,unknown,,auto_extracted,proposed,hs_sweep_freq_8,2026-08-06
wildlife,unknown,,auto_extracted,proposed,hs_sweep_freq_8,2026-08-06
spectacles,unknown,,auto_extracted,proposed,hs_sweep_freq_8,2026-08-06
greatnilemigration,unknown,,auto_extracted,proposed,hs_sweep_freq_8,2026-08-06
vast,unknown,,auto_extracted,proposed,hs_sweep_freq_8,2026-08-06
untapped,unknown,,auto_extracted,proposed,hs_sweep_freq_9,2026-08-07
unsc,unknown,,auto_extracted,proposed,hs_sweep_freq_7,2026-08-07
wealth,unknown,,auto_extracted,proposed,hs_sweep_freq_7,2026-08-07
interest,unknown,,auto_extracted,proposed,hs_sweep_freq_7,2026-08-07
george,unknown,,auto_extracted,proposed,hs_sweep_freq_6,2026-08-07
season,unknown,,auto_extracted,proposed,hs_sweep_freq_6,2026-08-07
healthcare,unknown,,auto_extracted,proposed,hs_sweep_freq_6,2026-08-07
serengeti,unknown,,auto_extracted,proposed,hs_sweep_freq_6,2026-08-07
production,unknown,,auto_extracted,proposed,hs_sweep_freq_5,2026-08-07
ijumaa,unknown,,auto_extracted,proposed,hs_sweep_freq_5,2026-08-07
massachusetts,unknown,,auto_extracted,proposed,hs_sweep_freq_11,2026-08-08
plaintiffs,unknown,,auto_extracted,proposed,hs_sweep_freq_9,2026-08-08
friday,unknown,,auto_extracted,proposed,hs_sweep_freq_8,2026-08-08
article,unknown,,auto_extracted,proposed,hs_sweep_freq_7,2026-08-08
restore,unknown,,auto_extracted,proposed,hs_sweep_freq_7,2026-08-08
frontiers,unknown,,auto_extracted,proposed,hs_sweep_freq_7,2026-08-08
cleared,unknown,,auto_extracted,proposed,hs_sweep_freq_7,2026-08-08
terminate,unknown,,auto_extracted,proposed,hs_sweep_freq_7,2026-08-08
step,unknown,,auto_extracted,proposed,hs_sweep_freq_7,2026-08-08
futile,unknown,,auto_extracted,proposed,hs_sweep_freq_7,2026-08-08
protections,unknown,,auto_extracted,proposed,hs_sweep_freq_14,2026-08-09
judges,unknown,,auto_extracted,proposed,hs_sweep_freq_14,2026-08-09
deportation,unknown,,auto_extracted,proposed,hs_sweep_freq_11,2026-08-09
militia,unknown,,auto_extracted,proposed,hs_sweep_freq_11,2026-08-09
dubai,unknown,,auto_extracted,proposed,hs_sweep_freq_9,2026-08-09
washington,unknown,,auto_extracted,proposed,hs_sweep_freq_9,2026-08-09
soldiers,unknown,,auto_extracted,proposed,hs_sweep_freq_7,2026-08-09
renewed,unknown,,auto_extracted,proposed,hs_sweep_freq_7,2026-08-09
chicago,unknown,,auto_extracted,proposed,hs_sweep_freq_7,2026-08-09
allow,unknown,,auto_extracted,proposed,hs_sweep_freq_7,2026-08-09
wild,unknown,,auto_extracted,proposed,hs_sweep_freq_8,2026-08-10
wanted,unknown,,auto_extracted,proposed,hs_sweep_freq_7,2026-08-10
allowed,unknown,,auto_extracted,proposed,hs_sweep_freq_7,2026-08-10
jumatatu,unknown,,auto_extracted,proposed,hs_sweep_freq_6,2026-08-10
planet,unknown,,auto_extracted,proposed,hs_sweep_freq_6,2026-08-10
holding,unknown,,auto_extracted,proposed,hs_sweep_freq_6,2026-08-10
form,unknown,,auto_extracted,proposed,hs_sweep_freq_6,2026-08-10
ugandan,unknown,,auto_extracted,proposed,hs_sweep_freq_6,2026-08-10
dictator,unknown,,auto_extracted,proposed,hs_sweep_freq_6,2026-08-10
apart,unknown,,auto_extracted,proposed,hs_sweep_freq_6,2026-08-10
rich,unknown,,auto_extracted,proposed,hs_sweep_freq_14,2026-08-11
abyei,unknown,,auto_extracted,proposed,hs_sweep_freq_12,2026-08-11
entire,unknown,,auto_extracted,proposed,hs_sweep_freq_10,2026-08-11
allegedly,unknown,,auto_extracted,proposed,hs_sweep_freq_10,2026-08-11
requires,unknown,,auto_extracted,proposed,hs_sweep_freq_10,2026-08-11
independent,unknown,,auto_extracted,proposed,hs_sweep_freq_9,2026-08-11
disputed,unknown,,auto_extracted,proposed,hs_sweep_freq_9,2026-08-11
eswatini,unknown,,auto_extracted,proposed,hs_sweep_freq_9,2026-08-11
southern,unknown,,auto_extracted,proposed,hs_sweep_freq_8,2026-08-11
documented,unknown,,auto_extracted,proposed,hs_sweep_freq_8,2026-08-11
investigation,unknown,,auto_extracted,proposed,hs_sweep_freq_9,2026-08-12
destination,unknown,,auto_extracted,proposed,hs_sweep_freq_8,2026-08-12
vision,unknown,,auto_extracted,proposed,hs_sweep_freq_7,2026-08-12
rising,unknown,,auto_extracted,proposed,hs_sweep_freq_7,2026-08-12
aircraft,unknown,,auto_extracted,proposed,hs_sweep_freq_7,2026-08-12
tonnes,unknown,,auto_extracted,proposed,hs_sweep_freq_7,2026-08-12
banks,unknown,,auto_extracted,proposed,hs_sweep_freq_7,2026-08-12
exploiting,unknown,,auto_extracted,proposed,hs_sweep_freq_6,2026-08-12
roughly,unknown,,auto_extracted,proposed,hs_sweep_freq_6,2026-08-12
opening,unknown,,auto_extracted,proposed,hs_sweep_freq_6,2026-08-12
rent,unknown,,auto_extracted,proposed,hs_sweep_freq_14,2026-08-13
closed,unknown,,auto_extracted,proposed,hs_sweep_freq_12,2026-08-13
confirmed,unknown,,auto_extracted,proposed,hs_sweep_freq_8,2026-08-13
defense,unknown,,auto_extracted,proposed,hs_sweep_freq_8,2026-08-13
common,unknown,,auto_extracted,proposed,hs_sweep_freq_7,2026-08-13
september,unknown,,auto_extracted,proposed,hs_sweep_freq_7,2026-08-13
kordofan,unknown,,auto_extracted,proposed,hs_sweep_freq_7,2026-08-13
offer,unknown,,auto_extracted,proposed,hs_sweep_freq_7,2026-08-13
aspirations,unknown,,auto_extracted,proposed,hs_sweep_freq_6,2026-08-13
theme,unknown,,auto_extracted,proposed,hs_sweep_freq_6,2026-08-13
diaspora,unknown,,auto_extracted,proposed,hs_sweep_freq_7,2026-08-14
stories,unknown,,auto_extracted,proposed,hs_sweep_freq_6,2026-08-14
mimi,unknown,,auto_extracted,proposed,hs_sweep_freq_4,2026-08-14
rigathi,unknown,,auto_extracted,proposed,hs_sweep_freq_4,2026-08-14
jkuatpaugrad,unknown,,auto_extracted,proposed,hs_sweep_freq_4,2026-08-14
dabar,unknown,,auto_extracted,proposed,hs_sweep_freq_3,2026-08-14
sabti,unknown,,auto_extracted,proposed,hs_sweep_freq_3,2026-08-14
mwanahabari,unknown,,auto_extracted,proposed,hs_sweep_freq_3,2026-08-14
nipashe,unknown,,auto_extracted,proposed,hs_sweep_freq_3,2026-08-14
wamachinga,unknown,,auto_extracted,proposed,hs_sweep_freq_3,2026-08-14
tembea,unknown,,auto_extracted,proposed,hs_sweep_freq_18,2026-08-15
tracking,unknown,,auto_extracted,proposed,hs_sweep_freq_17,2026-08-15
tourismunderruto,unknown,,auto_extracted,proposed,hs_sweep_freq_16,2026-08-15
arrivals,unknown,,auto_extracted,proposed,hs_sweep_freq_14,2026-08-15
galmudug,unknown,,auto_extracted,proposed,hs_sweep_freq_8,2026-08-15
appeal,unknown,,auto_extracted,proposed,hs_sweep_freq_7,2026-08-15
touch,unknown,,auto_extracted,proposed,hs_sweep_freq_6,2026-08-15
muzdalifa,unknown,,auto_extracted,proposed,hs_sweep_freq_6,2026-08-15
maulid,unknown,,auto_extracted,proposed,hs_sweep_freq_6,2026-08-15
masjid,unknown,,auto_extracted,proposed,hs_sweep_freq_6,2026-08-15
jumapili,unknown,,auto_extracted,proposed,hs_sweep_freq_10,2026-08-16
qaramada,unknown,,auto_extracted,proposed,hs_sweep_freq_4,2026-08-16
xigeen,unknown,,auto_extracted,proposed,hs_sweep_freq_4,2026-08-16
caasimaddii,unknown,,auto_extracted,proposed,hs_sweep_freq_4,2026-08-16
wada,unknown,,auto_extracted,proposed,hs_sweep_freq_4,2026-08-16
hadlaya,unknown,,auto_extracted,proposed,hs_sweep_freq_4,2026-08-16
jibriil,unknown,,auto_extracted,proposed,hs_sweep_freq_4,2026-08-16
caawa,unknown,,auto_extracted,proposed,hs_sweep_freq_4,2026-08-16
midoobay,unknown,,auto_extracted,proposed,hs_sweep_freq_4,2026-08-16
cabdirashiid,unknown,,auto_extracted,proposed,hs_sweep_freq_4,2026-08-16
laftagareen,unknown,,auto_extracted,proposed,hs_sweep_freq_8,2026-08-17
galbeed,unknown,,auto_extracted,proposed,hs_sweep_freq_7,2026-08-17
linda,unknown,,auto_extracted,proposed,hs_sweep_freq_5,2026-08-17
dhilo,unknown,,auto_extracted,proposed,hs_sweep_freq_4,2026-08-17
lover,unknown,,auto_extracted,proposed,hs_sweep_freq_4,2026-08-17
clean,unknown,,auto_extracted,proposed,hs_sweep_freq_4,2026-08-17
hewa,unknown,,auto_extracted,proposed,hs_sweep_freq_4,2026-08-17
utabiri,unknown,,auto_extracted,proposed,hs_sweep_freq_4,2026-08-17
hali,unknown,,auto_extracted,proposed,hs_sweep_freq_4,2026-08-17
radayaweather,unknown,,auto_extracted,proposed,hs_sweep_freq_4,2026-08-17
alert,unknown,,auto_extracted,proposed,hs_sweep_freq_8,2026-08-18
hichilema,unknown,,auto_extracted,proposed,hs_sweep_freq_7,2026-08-18
kicc,unknown,,auto_extracted,proposed,hs_sweep_freq_7,2026-08-18
jaoko,unknown,,auto_extracted,proposed,hs_sweep_freq_7,2026-08-18
oliver,unknown,,auto_extracted,proposed,hs_sweep_freq_7,2026-08-18
hakainde,unknown,,auto_extracted,proposed,hs_sweep_freq_7,2026-08-18
ahmednasir,unknown,,auto_extracted,proposed,hs_sweep_freq_7,2026-08-18
prepared,unknown,,auto_extracted,proposed,hs_sweep_freq_6,2026-08-18
ndindi,unknown,,auto_extracted,proposed,hs_sweep_freq_6,2026-08-18
homa,unknown,,auto_extracted,proposed,hs_sweep_freq_6,2026-08-18
officer,unknown,,auto_extracted,proposed,hs_sweep_freq_7,2026-08-19
peter,unknown,,auto_extracted,proposed,hs_sweep_freq_6,2026-08-19
orders,unknown,,auto_extracted,proposed,hs_sweep_freq_6,2026-08-19
nyoro,unknown,,auto_extracted,proposed,hs_sweep_freq_5,2026-08-19
revenue,unknown,,auto_extracted,proposed,hs_sweep_freq_5,2026-08-19
injured,unknown,,auto_extracted,proposed,hs_sweep_freq_5,2026-08-19
accounts,unknown,,auto_extracted,proposed,hs_sweep_freq_5,2026-08-19
sharp,unknown,,auto_extracted,proposed,hs_sweep_freq_5,2026-08-19
kaluma,unknown,,auto_extracted,proposed,hs_sweep_freq_5,2026-08-19
coordinator,unknown,,auto_extracted,proposed,hs_sweep_freq_5,2026-08-19
apply,unknown,,auto_extracted,proposed,hs_sweep_freq_5,2026-08-20
gokazini,unknown,,auto_extracted,proposed,hs_sweep_freq_5,2026-08-20
posted,unknown,,auto_extracted,proposed,hs_sweep_freq_5,2026-08-20
ikokazike,unknown,,auto_extracted,proposed,hs_sweep_freq_5,2026-08-20
taliye,unknown,,auto_extracted,proposed,hs_sweep_freq_4,2026-08-20
goostay,unknown,,auto_extracted,proposed,hs_sweep_freq_4,2026-08-20
biiray,unknown,,auto_extracted,proposed,hs_sweep_freq_4,2026-08-20
waqooyi,unknown,,auto_extracted,proposed,hs_sweep_freq_4,2026-08-20
sare,unknown,,auto_extracted,proposed,hs_sweep_freq_4,2026-08-20
maamulka,unknown,,auto_extracted,proposed,hs_sweep_freq_4,2026-08-20
curbing,unknown,,auto_extracted,proposed,hs_sweep_freq_7,2026-08-21
wouldn,unknown,,auto_extracted,proposed,hs_sweep_freq_3,2026-08-21
chaakoo,unknown,,auto_extracted,proposed,hs_sweep_freq_3,2026-08-21
usinene,unknown,,auto_extracted,proposed,hs_sweep_freq_3,2026-08-21
chunga,unknown,,auto_extracted,proposed,hs_sweep_freq_3,2026-08-21
saaana,unknown,,auto_extracted,proposed,hs_sweep_freq_3,2026-08-21
mabaya,unknown,,auto_extracted,proposed,hs_sweep_freq_3,2026-08-21
kinywaa,unknown,,auto_extracted,proposed,hs_sweep_freq_3,2026-08-21
eeeeeelllviiiissss,unknown,,auto_extracted,proposed,hs_sweep_freq_3,2026-08-21
somalicowboy,unknown,,auto_extracted,proposed,hs_sweep_freq_3,2026-08-21
ugonjwa,unknown,,auto_extracted,proposed,hs_sweep_freq_4,2026-08-22
ombe,unknown,,auto_extracted,proposed,hs_sweep_freq_4,2026-08-22
mpaka,unknown,,auto_extracted,proposed,hs_sweep_freq_4,2026-08-22
akiniacha,unknown,,auto_extracted,proposed,hs_sweep_freq_4,2026-08-22
zote,unknown,,auto_extracted,proposed,hs_sweep_freq_4,2026-08-22
mtaniokota,unknown,,auto_extracted,proposed,hs_sweep_freq_4,2026-08-22
strategy,unknown,,auto_extracted,proposed,hs_sweep_freq_4,2026-08-22
note,unknown,,auto_extracted,proposed,hs_sweep_freq_3,2026-08-22
bani,unknown,,auto_extracted,proposed,hs_sweep_freq_3,2026-08-22
ngumu,unknown,,auto_extracted,proposed,hs_sweep_freq_3,2026-08-22
koonfur,unknown,,auto_extracted,proposed,hs_sweep_freq_8,2026-08-23
tahay,unknown,,auto_extracted,proposed,hs_sweep_freq_8,2026-08-23
ahaa,unknown,,auto_extracted,proposed,hs_sweep_freq_8,2026-08-23
usoo,unknown,,auto_extracted,proposed,hs_sweep_freq_8,2026-08-23
xanuunsanaya,unknown,,auto_extracted,proposed,hs_sweep_freq_7,2026-08-23
hadlinaya,unknown,,auto_extracted,proposed,hs_sweep_freq_7,2026-08-23
dabadhilifka,unknown,,auto_extracted,proposed,hs_sweep_freq_7,2026-08-23
inaad,unknown,,auto_extracted,proposed,hs_sweep_freq_7,2026-08-23
gaaskii,unknown,,auto_extracted,proposed,hs_sweep_freq_7,2026-08-23
muwaadin,unknown,,auto_extracted,proposed,hs_sweep_freq_7,2026-08-23
sana,unknown,,auto_extracted,proposed,hs_sweep_freq_6,2026-08-24
wayn,unknown,,auto_extracted,proposed,hs_sweep_freq_4,2026-08-24
events,unknown,,auto_extracted,proposed,hs_sweep_freq_4,2026-08-24
launched,unknown,,auto_extracted,proposed,hs_sweep_freq_4,2026-08-24
rains,unknown,,auto_extracted,proposed,hs_sweep_freq_4,2026-08-24
reasons,unknown,,auto_extracted,proposed,hs_sweep_freq_4,2026-08-24
commercial,unknown,,auto_extracted,proposed,hs_sweep_freq_4,2026-08-24
dailies,unknown,,auto_extracted,proposed,hs_sweep_freq_4,2026-08-24
haya,unknown,,auto_extracted,proposed,hs_sweep_freq_4,2026-08-24
kuhusu,unknown,,auto_extracted,proposed,hs_sweep_freq_4,2026-08-24
maanta,unknown,,auto_extracted,proposed,hs_sweep_freq_5,2026-08-25
āmīn,unknown,,auto_extracted,proposed,hs_sweep_freq_5,2026-08-25
alli,unknown,,auto_extracted,proposed,hs_sweep_freq_5,2026-08-25
muhammad,unknown,,auto_extracted,proposed,hs_sweep_freq_5,2026-08-25
allahumma,unknown,,auto_extracted,proposed,hs_sweep_freq_5,2026-08-25
ālihi,unknown,,auto_extracted,proposed,hs_sweep_freq_5,2026-08-25
sayyidinā,unknown,,auto_extracted,proposed,hs_sweep_freq_5,2026-08-25
sahbihi,unknown,,auto_extracted,proposed,hs_sweep_freq_5,2026-08-25
dirayaa,unknown,,auto_extracted,proposed,hs_sweep_freq_4,2026-08-25
guud,unknown,,auto_extracted,proposed,hs_sweep_freq_4,2026-08-25
wednesday,unknown,,auto_extracted,proposed,hs_sweep_freq_6,2026-08-26
socota,unknown,,auto_extracted,proposed,hs_sweep_freq_5,2026-08-26
halis,unknown,,auto_extracted,proposed,hs_sweep_freq_5,2026-08-26
hada,unknown,,auto_extracted,proposed,hs_sweep_freq_5,2026-08-26
hortagin,unknown,,auto_extracted,proposed,hs_sweep_freq_5,2026-08-26
hadeysan,unknown,,auto_extracted,proposed,hs_sweep_freq_5,2026-08-26
kusoo,unknown,,auto_extracted,proposed,hs_sweep_freq_5,2026-08-26
dear,unknown,,auto_extracted,proposed,hs_sweep_freq_4,2026-08-26
genyussufholcaaye,unknown,,auto_extracted,proposed,hs_sweep_freq_4,2026-08-26
sided,unknown,,auto_extracted,proposed,hs_sweep_freq_3,2026-08-26
dhaqaaqday,unknown,,auto_extracted,proposed,hs_sweep_freq_5,2026-08-27
jamaican,unknown,,auto_extracted,proposed,hs_sweep_freq_3,2026-08-27
activity,unknown,,auto_extracted,proposed,hs_sweep_freq_3,2026-08-27
kala,unknown,,auto_extracted,proposed,hs_sweep_freq_3,2026-08-27
machizi,unknown,,auto_extracted,proposed,hs_sweep_freq_3,2026-08-27
wengi,unknown,,auto_extracted,proposed,hs_sweep_freq_3,2026-08-27
tukaamua,unknown,,auto_extracted,proposed,hs_sweep_freq_3,2026-08-27
kumpeleka,unknown,,auto_extracted,proposed,hs_sweep_freq_3,2026-08-27
chuka,unknown,,auto_extracted,proposed,hs_sweep_freq_3,2026-08-27
jamaa,unknown,,auto_extracted,proposed,hs_sweep_freq_3,2026-08-27
soomaaliya,unknown,,auto_extracted,proposed,hs_sweep_freq_5,2026-08-28
half,unknown,,auto_extracted,proposed,hs_sweep_freq_3,2026-08-28
towards,unknown,,auto_extracted,proposed,hs_sweep_freq_3,2026-08-28
ayey,unknown,,auto_extracted,proposed,hs_sweep_freq_3,2026-08-28
utakosa,unknown,,auto_extracted,proposed,hs_sweep_freq_3,2026-08-28
siri,unknown,,auto_extracted,proposed,hs_sweep_freq_3,2026-08-28
kujua,unknown,,auto_extracted,proposed,hs_sweep_freq_3,2026-08-28
ukinunulia,unknown,,auto_extracted,proposed,hs_sweep_freq_3,2026-08-28
pombe,unknown,,auto_extracted,proposed,hs_sweep_freq_3,2026-08-28
zinamwagika,unknown,,auto_extracted,proposed,hs_sweep_freq_3,2026-08-28
successfully,unknown,,auto_extracted,proposed,hs_sweep_freq_4,2026-08-29
daawo,unknown,,auto_extracted,proposed,hs_sweep_freq_3,2026-08-29
xilliga,unknown,,auto_extracted,proposed,hs_sweep_freq_3,2026-08-29
baxayso,unknown,,auto_extracted,proposed,hs_sweep_freq_3,2026-08-29
ciidamadeeda,unknown,,auto_extracted,proposed,hs_sweep_freq_3,2026-08-29
rasmiga,unknown,,auto_extracted,proposed,hs_sweep_freq_3,2026-08-29
shaacisay,unknown,,auto_extracted,proposed,hs_sweep_freq_3,2026-08-29
universities,unknown,,auto_extracted,proposed,hs_sweep_freq_3,2026-08-29
umndeni,unknown,,auto_extracted,proposed,hs_sweep_freq_3,2026-08-29
kanye,unknown,,auto_extracted,proposed,hs_sweep_freq_3,2026-08-29
online,unknown,,auto_extracted,proposed,hs_sweep_freq_5,2026-08-30
fraudulent,unknown,,auto_extracted,proposed,hs_sweep_freq_4,2026-08-30
agencies,unknown,,auto_extracted,proposed,hs_sweep_freq_4,2026-08-30
reject,unknown,,auto_extracted,proposed,hs_sweep_freq_4,2026-08-30
recruitment,unknown,,auto_extracted,proposed,hs_sweep_freq_4,2026-08-30
verify,unknown,,auto_extracted,proposed,hs_sweep_freq_4,2026-08-30
recruiters,unknown,,auto_extracted,proposed,hs_sweep_freq_4,2026-08-30
recruiter,unknown,,auto_extracted,proposed,hs_sweep_freq_4,2026-08-30
rogue,unknown,,auto_extracted,proposed,hs_sweep_freq_4,2026-08-30
friends,unknown,,auto_extracted,proposed,hs_sweep_freq_3,2026-08-30
search,unknown,,auto_extracted,proposed,hs_sweep_freq_5,2026-08-31
mese,unknown,,auto_extracted,proposed,hs_sweep_freq_4,2026-08-31
version,unknown,,auto_extracted,proposed,hs_sweep_freq_4,2026-08-31
agosto,unknown,,auto_extracted,proposed,hs_sweep_freq_4,2026-08-31
english,unknown,,auto_extracted,proposed,hs_sweep_freq_4,2026-08-31
kumbe,unknown,,auto_extracted,proposed,hs_sweep_freq_3,2026-08-31
bado,unknown,,auto_extracted,proposed,hs_sweep_freq_3,2026-08-31
nimeland,unknown,,auto_extracted,proposed,hs_sweep_freq_3,2026-08-31
aggiornamento,unknown,,auto_extracted,proposed,hs_sweep_freq_3,2026-08-31
dream,unknown,,auto_extracted,proposed,hs_sweep_freq_3,2026-08-31
word,unknown,,auto_extracted,proposed,hs_sweep_freq_6,2026-09-01
tuesday,unknown,,auto_extracted,proposed,hs_sweep_freq_6,2026-09-01
intervention,unknown,,auto_extracted,proposed,hs_sweep_freq_4,2026-09-01
burnt,unknown,,auto_extracted,proposed,hs_sweep_freq_4,2026-09-01
dynamos,unknown,,auto_extracted,proposed,hs_sweep_freq_4,2026-09-01
fight,unknown,,auto_extracted,proposed,hs_sweep_freq_3,2026-09-01
dont,unknown,,auto_extracted,proposed,hs_sweep_freq_3,2026-09-01
monitoring,unknown,,auto_extracted,proposed,hs_sweep_freq_3,2026-09-01
inflation,unknown,,auto_extracted,proposed,hs_sweep_freq_3,2026-09-01
talaado,unknown,,auto_extracted,proposed,hs_sweep_freq_3,2026-09-01
deadline,unknown,,auto_extracted,proposed,hs_sweep_freq_5,2026-09-02
niño,unknown,,auto_extracted,proposed,hs_sweep_freq_5,2026-09-02
septemba,unknown,,auto_extracted,proposed,hs_sweep_freq_5,2026-09-02
strike,unknown,,auto_extracted,proposed,hs_sweep_freq_5,2026-09-02
soon,unknown,,auto_extracted,proposed,hs_sweep_freq_4,2026-09-02
kmsa,unknown,,auto_extracted,proposed,hs_sweep_freq_4,2026-09-02
aviation,unknown,,auto_extracted,proposed,hs_sweep_freq_4,2026-09-02
divide,unknown,,auto_extracted,proposed,hs_sweep_freq_4,2026-09-02
besigye,unknown,,auto_extracted,proposed,hs_sweep_freq_4,2026-09-02
ends,unknown,,auto_extracted,proposed,hs_sweep_freq_4,2026-09-02
cheap,unknown,,auto_extracted,proposed,hs_sweep_freq_4,2026-09-03
xaarliimo,unknown,,auto_extracted,proposed,hs_sweep_freq_3,2026-09-03
dagaal,unknown,,auto_extracted,proposed,hs_sweep_freq_3,2026-09-03
rais,unknown,,auto_extracted,proposed,hs_sweep_freq_3,2026-09-03
remittances,unknown,,auto_extracted,proposed,hs_sweep_freq_3,2026-09-03
small,unknown,,auto_extracted,proposed,hs_sweep_freq_8,2026-09-04
carrying,unknown,,auto_extracted,proposed,hs_sweep_freq_6,2026-09-04
practical,unknown,,auto_extracted,proposed,hs_sweep_freq_6,2026-09-04
whole,unknown,,auto_extracted,proposed,hs_sweep_freq_5,2026-09-04
model,unknown,,auto_extracted,proposed,hs_sweep_freq_5,2026-09-04
writing,unknown,,auto_extracted,proposed,hs_sweep_freq_5,2026-09-04
budget,unknown,,auto_extracted,proposed,hs_sweep_freq_5,2026-09-04
economy,unknown,,auto_extracted,proposed,hs_sweep_freq_5,2026-09-04
stronger,unknown,,auto_extracted,proposed,hs_sweep_freq_5,2026-09-04
accepting,unknown,,auto_extracted,proposed,hs_sweep_freq_5,2026-09-04
baahinta,unknown,,auto_extracted,proposed,hs_sweep_freq_6,2026-09-05
kaalmaha,unknown,,auto_extracted,proposed,hs_sweep_freq_6,2026-09-05
shaqo,unknown,,auto_extracted,proposed,hs_sweep_freq_6,2026-09-05
somalijobs,unknown,,auto_extracted,proposed,hs_sweep_freq_6,2026-09-05
darajada,unknown,,auto_extracted,proposed,hs_sweep_freq_5,2026-09-05
dawladda,unknown,,auto_extracted,proposed,hs_sweep_freq_4,2026-09-05
shaqaalaha,unknown,,auto_extracted,proposed,hs_sweep_freq_4,2026-09-05
adda,unknown,,auto_extracted,proposed,hs_sweep_freq_4,2026-09-05
epaper,unknown,,auto_extracted,proposed,hs_sweep_freq_4,2026-09-05
incident,unknown,,auto_extracted,proposed,hs_sweep_freq_4,2026-09-05
wakenya,unknown,,auto_extracted,proposed,hs_sweep_freq_4,2026-09-06
somaliya,unknown,,auto_extracted,proposed,hs_sweep_freq_3,2026-09-06
mwanaspoti,unknown,,auto_extracted,proposed,hs_sweep_freq_3,2026-09-06
upus,unknown,,auto_extracted,proposed,hs_sweep_freq_3,2026-09-06
inaboo,unknown,,auto_extracted,proposed,hs_sweep_freq_3,2026-09-06
inabidi,unknown,,auto_extracted,proposed,hs_sweep_freq_3,2026-09-06
huwa,unknown,,auto_extracted,proposed,hs_sweep_freq_3,2026-09-06
wakusahau,unknown,,auto_extracted,proposed,hs_sweep_freq_3,2026-09-06
brothers,unknown,,auto_extracted,proposed,hs_sweep_freq_3,2026-09-06
things,unknown,,auto_extracted,proposed,hs_sweep_freq_3,2026-09-06
mpox,unknown,,auto_extracted,proposed,hs_sweep_freq_12,2026-09-07
muthoni,unknown,,auto_extracted,proposed,hs_sweep_freq_8,2026-09-07
directive,unknown,,auto_extracted,proposed,hs_sweep_freq_7,2026-09-07
somaliaforsomalis,unknown,,auto_extracted,proposed,hs_sweep_freq_4,2026-09-07
kwao,unknown,,auto_extracted,proposed,hs_sweep_freq_4,2026-09-07
retail,unknown,,auto_extracted,proposed,hs_sweep_freq_4,2026-09-07
hawking,unknown,,auto_extracted,proposed,hs_sweep_freq_4,2026-09-07
found,unknown,,auto_extracted,proposed,hs_sweep_freq_4,2026-09-07
crackdown,unknown,,auto_extracted,proposed,hs_sweep_freq_4,2026-09-07
visas,unknown,,auto_extracted,proposed,hs_sweep_freq_4,2026-09-07
documents,unknown,,auto_extracted,proposed,hs_sweep_freq_7,2026-09-08
weyn,unknown,,auto_extracted,proposed,hs_sweep_freq_6,2026-09-08
waeze,unknown,,auto_extracted,proposed,hs_sweep_freq_5,2026-09-08
awasaidie,unknown,,auto_extracted,proposed,hs_sweep_freq_5,2026-09-08
mungu,unknown,,auto_extracted,proposed,hs_sweep_freq_5,2026-09-08
salama,unknown,,auto_extracted,proposed,hs_sweep_freq_5,2026-09-08
wafike,unknown,,auto_extracted,proposed,hs_sweep_freq_5,2026-09-08
kurudi,unknown,,auto_extracted,proposed,hs_sweep_freq_5,2026-09-08
tirada,unknown,,auto_extracted,proposed,hs_sweep_freq_4,2026-09-08
sheegay,unknown,,auto_extracted,proposed,hs_sweep_freq_4,2026-09-08
