handle,platform,country,first_seen,last_seen,flags
@1109Patricia,x,South Sudan,2026-06-17,2026-08-13,4
@16tmAleco,x,Kenya,2026-06-08,2026-06-09,5
@1ts_me_bambi,x,Somalia,2026-03-27,2026-03-27,2
@2023Prophecy,x,South Sudan,2026-07-26,2026-07-26,2
@360OnlineTv,x,Kenya,2026-08-09,2026-08-09,2
@3xPierre,x,South Sudan,2026-07-18,2026-07-18,2
@4lifestan,x,Kenya,2026-08-13,2026-08-13,2
@4thPresidentKE,x,Kenya,2026-06-22,2026-06-23,4
@500wordsmag,x,South Sudan,2026-07-14,2026-07-14,2
@5Pillarsuk,x,Somalia,2026-06-10,2026-06-10,2
@678Hank,x,South Sudan,2026-04-19,2026-04-19,2
@6ixbuzztv,x,Somalia,2026-06-11,2026-06-11,2
@75Meja,x,South Sudan,2026-08-07,2026-08-07,3
@88mxn,x,South Sudan,2026-04-21,2026-04-21,7
@ABUDHABI_FUND,x,South Sudan,2026-07-21,2026-07-21,2
@ACRA_SouthSudan,x,South Sudan,2026-06-25,2026-07-21,12
@ACassan56,x,South Sudan,2026-08-02,2026-08-02,2
@ACeegaag,x,Somalia,2026-04-16,2026-07-30,5
@ADFmagazine,x,South Sudan,2026-08-06,2026-08-06,2
@AFP,x,South Sudan,2026-07-20,2026-07-23,6
@AFPrimeTime,x,South Sudan,2026-07-18,2026-07-18,2
@AGCsegreteria,x,Somalia,2026-08-08,2026-08-08,3
@AHHirad,x,Somalia,2026-06-20,2026-06-20,2
@AHLUSSUNNAHFW,x,Somalia,2026-06-13,2026-06-13,2
@AJEnglish,x,South Sudan,2026-06-05,2026-07-10,12
@AJabaar04,x,Somalia,2026-08-10,2026-08-10,2
@ALPHAMELKYWAY,x,Somalia,2026-07-03,2026-07-03,2
@AMacheusi,x,Somalia,2026-04-27,2026-04-27,4
@ANITEXSUNITED,x,Kenya,2026-07-01,2026-07-01,3
@AORjesuits,x,South Sudan,2026-07-10,2026-07-10,2
@ASA_Today,x,South Sudan,2026-06-29,2026-06-29,2
@ASCIsecure,x,Kenya,2026-07-03,2026-08-27,7
@AUC31,x,South Sudan,2026-07-04,2026-08-01,9
@AUC_PAPS,x,South Sudan,2026-07-07,2026-07-10,5
@AYUZMedia,x,Somalia,2026-03-29,2026-03-29,6
@AaccCeta,x,South Sudan,2026-07-22,2026-07-22,2
@Aaycouncil,x,South Sudan,2026-07-11,2026-07-11,3
@AbabuNamwamba,x,South Sudan,2026-06-17,2026-06-17,2
@AbdiAsisGadari,x,Somalia,2026-06-27,2026-06-27,3
@AbdiDr,x,Somalia,2026-03-23,2026-03-23,4
@AbdiHirsiBulhan,x,Somalia,2026-06-17,2026-06-17,3
@AbdihakimBeegsi,x,Somalia,2026-04-20,2026-04-20,2
@AbdikadarM53300,x,Kenya,2026-03-30,2026-03-30,2
@Abdikarindahirr,x,Somalia,2026-06-16,2026-06-16,4
@Abdinas19256781,x,Somalia,2026-07-06,2026-07-06,2
@AbdisatarGelle,x,Somalia,2026-06-20,2026-06-20,3
@Abdul_Wahhabx,x,South Sudan,2026-07-05,2026-07-05,2
@Abdulka97752059,x,Somalia,2026-05-16,2026-06-27,5
@AbdulkadirANur,x,South Sudan,2026-08-01,2026-08-01,2
@AbdullAbdihami,x,Somalia,2026-07-17,2026-07-17,2
@Abdullahluoy,x,South Sudan,2026-07-17,2026-07-27,6
@AbhorrentMustie,x,Somalia,2026-06-17,2026-06-17,2
@AbongeCollins,x,South Sudan,2026-06-15,2026-06-15,2
@Abramjee,x,South Sudan,2026-06-10,2026-06-10,2
@AbsoluteNomadic,x,Somalia,2026-05-21,2026-05-21,2
@Abukarawale,x,Somalia,2026-06-18,2026-08-17,8
@Abyssinia_Rise,x,South Sudan,2026-06-30,2026-06-30,2
@AcamasofArcadia,x,Somalia,2026-09-05,2026-09-05,2
@AcnoaAnoca,x,South Sudan,2026-07-28,2026-07-28,2
@AdaliWarsame,x,South Sudan,2026-04-18,2026-04-19,10
@AdeThaTruth,x,South Sudan,2026-08-03,2026-08-03,3
@AdhieuLibby,x,South Sudan,2026-06-28,2026-08-12,15
@AdityaMandagie,x,Somalia,2026-04-20,2026-04-22,22
@AdvJosephine,x,South Sudan,2026-07-03,2026-07-03,2
@AdwaDefStrategy,x,South Sudan,2026-06-24,2026-06-24,2
@AfCFTA,x,South Sudan,2026-07-18,2026-07-18,2
@AfriMEOSINT,x,South Sudan,2026-03-29,2026-08-06,23
@AfriYANESA,x,South Sudan,2026-08-13,2026-08-13,2
@Afri_diaspo,x,South Sudan,2026-07-06,2026-07-06,3
@AfricaCDC,x,South Sudan,2026-07-20,2026-07-20,3
@AfricaFirsts,x,South Sudan,2026-04-28,2026-08-10,12
@AfricaViewFacts,x,South Sudan,2026-06-25,2026-07-18,7
@Africa_lix,x,South Sudan,2026-04-18,2026-07-29,13
@AfricaisHOME2,x,South Sudan,2026-06-29,2026-07-20,10
@AfricanArchives,x,Kenya,2026-06-23,2026-06-23,4
@AfricanHub_,x,South Sudan,2026-06-27,2026-07-23,11
@Africanistkemte,x,South Sudan,2026-04-20,2026-07-05,6
@AfrikParliament,x,South Sudan,2026-07-22,2026-07-22,3
@AfrikaKnow,x,South Sudan,2026-07-12,2026-08-07,6
@Afriscousee,x,Somalia,2026-06-05,2026-06-05,2
@AgapetusWamalwa,x,Kenya,2026-08-10,2026-08-10,3
@Aggiie_McMrugi,x,Kenya,2026-08-13,2026-08-13,2
@Ahm19963707Omar,x,South Sudan,2026-07-12,2026-07-12,2
@AhmadHassanKat1,x,South Sudan,2026-07-28,2026-07-28,3
@AhmedAbdiIsse1,x,Somalia,2026-08-14,2026-08-14,2
@AhmedIAbdi1,x,Somalia,2026-06-26,2026-06-26,2
@AhmedMirab,x,Kenya,2026-06-16,2026-06-16,2
@AhmedMoonshot84,x,Somalia,2026-04-23,2026-04-24,8
@AhmedSafi99,x,Somalia,2026-07-06,2026-07-06,2
@Ahmed_Ducalle,x,Somalia,2026-09-04,2026-09-04,4
@AjakRebel,x,South Sudan,2026-08-12,2026-08-12,3
@Ajitsinhja11085,x,South Sudan,2026-08-11,2026-08-11,3
@Ajuoga954271,x,Kenya,2026-06-17,2026-06-17,2
@AkauJambo,x,South Sudan,2026-07-17,2026-07-17,3
@AkeenDut4413,x,South Sudan,2026-06-30,2026-06-30,2
@AkuilaDok,x,South Sudan,2026-08-05,2026-08-05,2
@AlMariam1,x,South Sudan,2026-08-08,2026-08-12,4
@Alaidin1434,x,Somalia,2026-06-17,2026-06-17,3
@AlexDuncanTX,x,Somalia,2026-06-11,2026-06-11,2
@AliABaab1,x,Somalia,2026-07-07,2026-07-07,2
@AliHassanA44670,x,Somalia,2026-04-22,2026-08-27,29
@AliHoosoow,x,Somalia,2026-06-04,2026-06-04,2
@AliMawlid36825,x,Somalia,2026-06-10,2026-06-10,2
@AliSamattar,x,Somalia,2026-04-30,2026-04-30,2
@AliYusu98404515,x,Somalia,2026-07-03,2026-08-20,4
@AlihsaanTv,x,Kenya,2026-08-15,2026-08-15,6
@Alisaahid,x,Somalia,2026-08-03,2026-08-23,6
@AlmaANET25,x,South Sudan,2026-04-30,2026-04-30,2
@AlnazahaC,x,South Sudan,2026-07-22,2026-07-22,2
@AlohaaaZ,x,Somalia,2026-04-25,2026-04-25,2
@Alzixx_,x,South Sudan,2026-07-28,2026-07-28,2
@AmalExpressHQ,x,South Sudan,2026-07-22,2026-07-22,2
@AmanyaEmmanue15,x,South Sudan,2026-07-06,2026-07-06,2
@Amblojiggy,x,South Sudan,2026-07-14,2026-07-14,3
@Amdestinyhere,x,South Sudan,2026-08-08,2026-08-08,2
@America47X,x,South Sudan,2026-08-08,2026-08-08,2
@AmericanMom2022,x,Somalia,2026-05-16,2026-05-16,2
@Amerix_0,x,Kenya,2026-04-27,2026-04-27,2
@Amir624130,x,Somalia,2026-08-26,2026-08-26,5
@Amla2qjn,x,South Sudan,2026-06-29,2026-07-29,8
@AmnestyKenya,x,South Sudan,2026-06-17,2026-08-12,4
@AmumpaireNe5,x,South Sudan,2026-07-21,2026-07-21,2
@AmyMek,x,South Sudan,2026-06-20,2026-06-20,2
@AngIo_Saxon_,x,South Sudan,2026-07-20,2026-07-20,3
@AnisaAl43108370,x,Somalia,2026-05-16,2026-09-02,44
@Anisazlami,x,Somalia,2026-08-29,2026-09-04,10
@AnneWaiguru,x,Kenya,2026-04-30,2026-04-30,2
@Annmitchel5,x,Kenya,2026-05-22,2026-08-31,51
@Anthony17mwangi,x,Kenya,2026-04-17,2026-04-17,2
@AnuarSaddat,x,Kenya,2026-06-18,2026-06-18,2
@AokoOtieno_,x,Kenya,2026-06-17,2026-06-22,7
@ApVeng,x,South Sudan,2026-04-17,2026-04-28,34
@ArapTilingi,x,Kenya,2026-06-24,2026-06-24,2
@Araweelo2009,x,Somalia,2026-06-27,2026-06-27,2
@Archbishop237,x,Kenya,2026-07-13,2026-07-13,8
@ArlaadiMnetwork,x,Somalia,2026-06-22,2026-06-22,2
@ArolDut,x,South Sudan,2026-07-24,2026-07-24,2
@Arthursphere,x,Somalia,2026-06-22,2026-06-22,2
@AshangaBlaise,x,South Sudan,2026-07-09,2026-07-09,2
@AshyMagnificent,x,South Sudan,2026-08-13,2026-08-13,2
@AsiimweJago,x,Kenya,2026-06-30,2026-06-30,2
@Asili_Africa,x,South Sudan,2026-07-07,2026-07-07,2
@AstroJulius89,x,Kenya,2026-07-13,2026-07-13,3
@AtifUrRehmoo3t,x,South Sudan,2026-08-10,2026-08-10,2
@Ato_galbeedi,x,Somalia,2026-03-28,2026-03-28,4
@AtobateleT60117,x,South Sudan,2026-07-13,2026-07-13,2
@AtoyebiPaulB,x,South Sudan,2026-06-10,2026-06-10,2
@AugustinGithaka,x,South Sudan,2026-08-07,2026-08-07,3
@AusEmbET,x,South Sudan,2026-07-03,2026-07-03,2
@AutoShowKampala,x,South Sudan,2026-07-29,2026-07-29,3
@AwRobleh,x,South Sudan,2026-07-01,2026-07-01,3
@Aw_Cateye,x,Somalia,2026-09-04,2026-09-04,2
@Awe_____Sam,x,Kenya,2026-04-19,2026-04-19,2
@Ayaanle0011,x,Somalia,2026-03-30,2026-03-30,6
@AyebareAshley,x,South Sudan,2026-07-08,2026-07-08,5
@Ayiki_JA,x,South Sudan,2026-07-29,2026-07-29,2
@AyinSudan,x,South Sudan,2026-09-02,2026-09-05,5
@Ayodeji64123571,x,South Sudan,2026-07-13,2026-07-13,2
@Ayyyann99,x,Somalia,2026-03-18,2026-03-28,9
@AzizAhmed252483,x,Somalia,2026-09-04,2026-09-04,3
@B19Joshua,x,Somalia,2026-06-23,2026-06-23,3
@BBCWorld,x,South Sudan,2026-06-24,2026-06-24,2
@BIG_BAHATI,x,South Sudan,2026-07-06,2026-07-06,2
@BONFACE70127657,x,Kenya,2026-04-27,2026-04-27,3
@BadLemii,x,South Sudan,2026-07-25,2026-08-03,4
@BaidoaOnline,x,Somalia,2026-06-17,2026-06-25,16
@Banaadir24,x,Somalia,2026-04-23,2026-04-23,2
@BantuHutu,x,Kenya,2026-07-22,2026-09-04,7
@BararugMedia,x,Somalia,2026-06-22,2026-06-22,2
@BarkhadMaraykan,x,Somalia,2026-04-23,2026-04-24,6
@Batalale_2024,x,Somalia,2026-04-18,2026-06-23,70
@BaziSomali,x,Somalia,2026-06-24,2026-06-24,3
@BekarSebat51443,x,South Sudan,2026-07-20,2026-08-13,4
@BelengBeleng687,x,South Sudan,2026-08-08,2026-08-23,9
@BendouziM,x,Somalia,2026-03-26,2026-03-26,4
@BenjaminPDixon,x,South Sudan,2026-08-05,2026-08-05,2
@BestSeller2026,x,South Sudan,2026-08-11,2026-08-11,2
@BiafraOmalicha,x,South Sudan,2026-06-29,2026-06-29,2
@BiancaNaom1,x,Kenya,2026-06-20,2026-06-24,6
@Biarmonychol,x,South Sudan,2026-06-25,2026-07-17,4
@BiggyMeatz,x,South Sudan,2026-08-09,2026-08-09,2
@Billionair1w,x,Kenya,2026-04-20,2026-07-07,7
@Bin_ely,x,Kenya,2026-04-24,2026-04-24,3
@BindIdeas971,x,South Sudan,2026-07-25,2026-07-25,2
@BiorMayen5,x,South Sudan,2026-08-10,2026-08-10,2
@Blogs_Kenya,x,Kenya,2026-04-16,2026-04-16,2
@BoardLotSultan,x,South Sudan,2026-06-11,2026-06-11,2
@Bob31685906,x,Somalia,2026-06-18,2026-06-18,3
@BobbyF03545868,x,South Sudan,2026-07-16,2026-07-16,2
@Bobinou92dep,x,Kenya,2026-06-22,2026-06-22,2
@BoboWamboiKuria,x,Kenya,2026-06-20,2026-06-20,2
@BolognaFishMD,x,Somalia,2026-04-16,2026-04-16,2
@BonnieMejja,x,Kenya,2026-05-27,2026-08-06,16
@BookerBiro,x,Kenya,2026-06-12,2026-06-12,2
@BookofAEGIS,x,South Sudan,2026-07-01,2026-07-01,2
@Booksey,x,South Sudan,2026-08-09,2026-08-09,3
@Booster7860,x,South Sudan,2026-08-05,2026-08-05,2
@BoqorodaSomalia,x,Somalia,2026-06-09,2026-06-09,2
@BosunPipe,x,South Sudan,2026-04-17,2026-04-17,2
@BrandoneNgala,x,Kenya,2026-06-25,2026-06-25,2
@BravinYuri,x,Kenya,2026-06-20,2026-06-20,4
@BreannaMorello,x,Somalia,2026-06-21,2026-06-21,3
@BrianKipki28416,x,Kenya,2026-04-20,2026-04-20,2
@BuildWtPrakhar,x,South Sudan,2026-04-23,2026-04-30,8
@BurundiKenya,x,Kenya,2026-07-20,2026-07-20,2
@BusInsiderSSA,x,Kenya,2026-06-16,2026-06-21,6
@ByTeh82954,x,South Sudan,2026-07-05,2026-07-05,3
@Bygones_24,x,Kenya,2026-04-20,2026-06-22,7
@ByrentChumo,x,Kenya,2026-06-20,2026-06-20,4
@CANEasternAfric,x,Somalia,2026-06-17,2026-06-17,2
@CGTNEurope,x,South Sudan,2026-03-27,2026-07-28,8
@CHILUMBA_96,x,Kenya,2026-08-16,2026-08-16,2
@CHUUMARXAJ,x,Somalia,2026-03-29,2026-03-29,4
@CNNovember26,x,South Sudan,2026-07-14,2026-07-14,3
@CPGBML,x,South Sudan,2026-08-02,2026-08-02,4
@CSBeatriceMoe,x,South Sudan,2026-08-03,2026-08-03,3
@C_3C_3,x,South Sudan,2026-06-29,2026-06-29,4
@C_NyaKundiH,x,Kenya,2026-06-11,2026-06-24,14
@Caasimadda,x,Somalia,2026-08-18,2026-09-07,28
@Cabdalleaxmed,x,South Sudan,2026-06-23,2026-08-17,5
@CabdulfataaxD,x,Somalia,2026-06-20,2026-06-23,4
@CagedSings,x,South Sudan,2026-04-18,2026-04-18,8
@CalebIrakoze,x,South Sudan,2026-07-16,2026-08-13,5
@CalozStephens,x,Kenya,2026-08-18,2026-08-18,2
@CanSouthSudan,x,South Sudan,2026-07-14,2026-07-14,3
@CareSouthSudan,x,South Sudan,2026-07-05,2026-07-05,3
@Cartier186317,x,Somalia,2026-06-03,2026-06-03,2
@CartmanReacts,x,Kenya,2026-06-22,2026-06-22,2
@CastroKhwela,x,South Sudan,2026-07-11,2026-07-11,3
@CataPaul2,x,South Sudan,2026-07-16,2026-07-16,2
@Cde_begar,x,South Sudan,2026-07-03,2026-07-03,2
@Cecafaonline,x,South Sudan,2026-09-05,2026-09-05,3
@Celsius015,x,Kenya,2026-08-03,2026-08-03,3
@Cen4infoRes,x,South Sudan,2026-04-23,2026-07-17,10
@Cenk_da1,x,Somalia,2026-06-06,2026-06-06,2
@CessNdiritu,x,Kenya,2026-03-26,2026-08-21,8
@Chalbiwsk,x,South Sudan,2026-04-22,2026-04-22,4
@Chamgeifm1,x,Kenya,2026-08-07,2026-08-07,2
@ChangeTanzania,x,Kenya,2026-08-02,2026-08-02,2
@CharlieWar2ez,x,South Sudan,2026-07-26,2026-07-26,2
@CharugaGeofrey,x,Kenya,2026-07-10,2026-07-10,2
@CheckmateEA,x,Somalia,2026-04-18,2026-04-18,6
@ChegeVic_254,x,Kenya,2026-04-27,2026-04-27,4
@ChinaEmb_Juba,x,South Sudan,2026-07-21,2026-08-11,18
@ChinaVideos1,x,South Sudan,2026-07-23,2026-07-23,3
@China_V7,x,Somalia,2026-06-24,2026-06-24,3
@Chinamission2un,x,South Sudan,2026-07-21,2026-07-21,3
@ChinasaNworu,x,South Sudan,2026-08-05,2026-08-05,3
@ChinatoAU,x,South Sudan,2026-07-22,2026-07-22,2
@Chipukizii,x,Kenya,2026-08-05,2026-08-19,6
@Cholatak,x,South Sudan,2026-06-17,2026-08-09,87
@Chroniques225,x,South Sudan,2026-09-01,2026-09-01,2
@Chuks_DNaijaGuy,x,South Sudan,2026-06-29,2026-06-29,3
@ChutSantosjr,x,South Sudan,2026-07-13,2026-07-13,2
@CirkaNews,x,South Sudan,2026-07-13,2026-07-13,2
@ClintonObonyo,x,Kenya,2026-06-23,2026-06-25,8
@CoachCalito,x,South Sudan,2026-06-28,2026-06-28,2
@Coach_Gad,x,South Sudan,2026-07-04,2026-07-04,3
@Code4Africa,x,South Sudan,2026-07-01,2026-07-01,2
@CollegeSaturday,x,South Sudan,2026-07-02,2026-07-02,3
@Collin_G_Wood,x,South Sudan,2026-08-06,2026-08-06,2
@Collinativ,x,Kenya,2026-04-23,2026-04-23,4
@CombatMilNews,x,South Sudan,2026-08-10,2026-08-10,3
@ConnieKRO1,x,Somalia,2026-06-21,2026-06-21,2
@Contextofcri934,x,South Sudan,2026-07-06,2026-07-06,2
@CooperViol93802,x,South Sudan,2026-08-04,2026-08-04,3
@CopShakurkihara,x,Kenya,2026-06-18,2026-06-30,4
@CrisisGroup,x,South Sudan,2026-04-20,2026-07-01,5
@CuriousDaily1,x,South Sudan,2026-07-04,2026-07-04,2
@CurtisWheat4,x,Somalia,2026-04-19,2026-04-19,2
@DCI_Kenya,x,Kenya,2026-06-17,2026-06-21,12
@DC_Global_News,x,South Sudan,2026-08-11,2026-08-11,2
@DChol4,x,South Sudan,2026-08-02,2026-08-02,3
@DHSGenCounsel,x,South Sudan,2026-08-08,2026-08-08,2
@DLazzoh,x,South Sudan,2026-07-22,2026-07-22,2
@DMGEnglish,x,South Sudan,2026-04-26,2026-04-26,2
@DNforHR,x,South Sudan,2026-04-28,2026-07-22,4
@DOT_SSD,x,South Sudan,2026-08-06,2026-08-10,10
@DWaabari1,x,Somalia,2026-06-16,2026-06-24,4
@Da1saifullah,x,Somalia,2026-08-02,2026-08-31,12
@DaNiDel94594165,x,South Sudan,2026-07-02,2026-07-02,2
@DahaShire,x,Somalia,2026-06-14,2026-06-14,2
@DahirAlasow1,x,Somalia,2026-06-16,2026-06-16,3
@DailyNewsEgypt,x,South Sudan,2026-07-20,2026-07-20,2
@DalsanTv,x,South Sudan,2026-06-20,2026-08-10,8
@DanChepta,x,South Sudan,2026-06-29,2026-06-29,3
@Danhier_BaPPA,x,South Sudan,2026-06-28,2026-08-08,10
@DanielGarang9,x,South Sudan,2026-07-27,2026-08-12,17
@DanielJ2031,x,Kenya,2026-06-21,2026-06-21,2
@Dante_Maz,x,South Sudan,2026-07-03,2026-07-03,3
@DavidNdii,x,Somalia,2026-06-16,2026-06-16,3
@DavidNyuol,x,South Sudan,2026-07-22,2026-07-22,2
@DavidYambio,x,South Sudan,2026-04-19,2026-04-19,2
@Davud_Akh,x,South Sudan,2026-06-17,2026-06-20,8
@DeHealthguide,x,South Sudan,2026-08-05,2026-08-05,3
@Deee_luul,x,South Sudan,2026-06-10,2026-06-24,10
@DefazioIvano,x,Somalia,2026-06-11,2026-06-11,2
@Defence_IDA,x,South Sudan,2026-08-13,2026-08-13,3
@Dehando_Adi,x,South Sudan,2026-04-18,2026-04-18,4
@Deherico1,x,South Sudan,2026-07-24,2026-07-24,2
@DelilKedir,x,South Sudan,2026-07-07,2026-07-22,4
@Deng_Mwalimu,x,South Sudan,2026-07-21,2026-07-21,2
@DenisKyaloKe,x,Kenya,2026-07-03,2026-07-03,2
@Denmark_UN,x,South Sudan,2026-08-07,2026-08-07,3
@DerrickShabz,x,South Sudan,2026-07-07,2026-07-26,10
@Dhulkahooyo23,x,Somalia,2026-08-28,2026-08-28,2
@DickensOkello99,x,South Sudan,2026-07-01,2026-07-01,2
@DieuWedi1,x,Kenya,2026-04-22,2026-04-22,2
@Disembe,x,Kenya,2026-07-07,2026-07-07,2
@DjoudieE,x,South Sudan,2026-07-24,2026-07-24,2
@DoctorLemma,x,Kenya,2026-06-17,2026-06-17,3
@Doctor_Chichi,x,South Sudan,2026-08-07,2026-08-07,2
@DogaHillary,x,South Sudan,2026-07-24,2026-07-24,2
@DonStefan____,x,South Sudan,2026-07-28,2026-08-05,10
@DrDennisOuma,x,Kenya,2026-05-18,2026-05-18,2
@DrFaqashSlayer,x,Somalia,2026-04-17,2026-04-17,2
@DrHassanTalib,x,South Sudan,2026-08-03,2026-08-03,2
@DrLimukaniMathe,x,South Sudan,2026-06-24,2026-06-24,3
@DrMumbiSeraki,x,Kenya,2026-06-03,2026-06-25,14
@DrWhiteW,x,Kenya,2026-06-22,2026-06-22,2
@Dr_AmeenMakki,x,South Sudan,2026-09-07,2026-09-07,2
@Dr_AustinOmondi,x,Kenya,2026-06-16,2026-06-16,3
@Dr_da_Vinci,x,South Sudan,2026-06-26,2026-06-26,2
@DreAbraham1,x,South Sudan,2026-07-06,2026-07-16,5
@DropSiteNews,x,South Sudan,2026-06-27,2026-08-27,17
@Ducaysane17,x,Somalia,2026-08-25,2026-08-25,4
@Dukeofmandera,x,Kenya,2026-04-30,2026-04-30,2
@DuniaTakTerduga,x,South Sudan,2026-08-09,2026-08-09,3
@EAMGtv,x,South Sudan,2026-07-22,2026-07-22,6
@EAukot,x,Kenya,2026-03-20,2026-04-24,6
@ERSCHMITT01,x,South Sudan,2026-07-26,2026-07-26,2
@EWess92,x,South Sudan,2026-07-30,2026-07-30,2
@EamonnClark,x,South Sudan,2026-07-11,2026-07-11,2
@EastAfricaGov,x,South Sudan,2026-07-17,2026-08-05,4
@Eastleighvoice,x,South Sudan,2026-03-24,2026-07-22,14
@Echinanews,x,South Sudan,2026-07-21,2026-07-21,3
@EclipeByDeath,x,South Sudan,2026-07-27,2026-07-27,2
@EconomyInformal,x,South Sudan,2026-07-29,2026-07-29,2
@Ed_Bradley,x,South Sudan,2026-07-26,2026-07-26,2
@EddieTourGuide,x,South Sudan,2026-08-01,2026-08-01,2
@EdoRepublic,x,South Sudan,2026-04-20,2026-04-20,2
@EdwardMcGrath01,x,South Sudan,2026-07-11,2026-07-11,2
@ElizkaF38352,x,South Sudan,2026-07-08,2026-07-08,3
@EltonKarisa,x,Kenya,2026-06-12,2026-08-06,5
@Emmanue19790176,x,South Sudan,2026-08-05,2026-08-05,3
@EmmanuelMotelin,x,South Sudan,2026-04-21,2026-07-06,18
@Endgen22,x,Kenya,2026-05-19,2026-05-19,2
@EnergyGoddessA,x,South Sudan,2026-07-31,2026-07-31,2
@EngNaaji,x,Somalia,2026-04-16,2026-04-16,2
@Eng_MulwaMwanza,x,Kenya,2026-08-28,2026-08-28,3
@EngineerCQERE,x,South Sudan,2026-07-26,2026-08-12,26
@Ensaalim,x,Somalia,2026-04-25,2026-04-25,2
@EnzamyOtieno,x,South Sudan,2026-07-22,2026-07-22,5
@ErnieMilleur,x,South Sudan,2026-07-12,2026-07-12,3
@Eryr_,x,Kenya,2026-08-07,2026-08-07,2
@Eslanderkow,x,South Sudan,2026-06-12,2026-06-12,2
@EternalFilastin,x,Somalia,2026-04-16,2026-04-16,3
@Evalati0n,x,South Sudan,2026-07-29,2026-07-29,2
@EvanceO45405994,x,Kenya,2026-06-07,2026-06-07,2
@EvangelineAdisa,x,Kenya,2026-08-21,2026-08-21,4
@EvansquezN,x,Kenya,2026-06-24,2026-06-24,2
@EveKoi2,x,Kenya,2026-08-26,2026-08-26,4
@ExmuslimsOrg,x,Somalia,2026-06-24,2026-06-24,4
@EyeRadioJuba,x,South Sudan,2026-04-17,2026-09-04,101
@EzekielVacuo,x,South Sudan,2026-08-09,2026-08-09,2
@FAOSomalia,x,Somalia,2026-06-23,2026-06-23,2
@FAOSouthSudan,x,South Sudan,2026-08-01,2026-08-13,4
@FDD,x,Somalia,2026-06-20,2026-06-20,3
@FGaitho237,x,Kenya,2026-06-17,2026-07-24,21
@FIBAWC,x,South Sudan,2026-07-03,2026-07-05,5
@FIS_SSudan,x,South Sudan,2026-08-05,2026-08-05,2
@FIUNigeria,x,South Sudan,2026-07-21,2026-07-21,2
@FactsverseHQ,x,South Sudan,2026-06-27,2026-06-27,3
@FaisalElsheikh,x,South Sudan,2026-07-22,2026-07-22,2
@FaisalMusasizi,x,South Sudan,2026-07-06,2026-07-06,3
@FaithNtako65514,x,Kenya,2026-09-07,2026-09-07,3
@FaithOdhiambo8,x,Kenya,2026-06-16,2026-06-16,2
@FaroleMax,x,Somalia,2026-06-12,2026-06-12,2
@FayChep476320,x,South Sudan,2026-06-18,2026-07-05,9
@FidaSouthSudan,x,South Sudan,2026-07-29,2026-07-29,2
@FloodLink,x,Kenya,2026-03-22,2026-03-22,2
@FloofskanZhit,x,South Sudan,2026-07-29,2026-07-29,2
@FortPotal1,x,South Sudan,2026-04-18,2026-04-18,4
@FouadHDjama,x,Somalia,2026-06-26,2026-06-26,2
@France24Afrique,x,Kenya,2026-07-21,2026-07-21,2
@FranzArch55963,x,Somalia,2026-07-13,2026-07-13,2
@FredMuitiriri,x,Kenya,2026-04-27,2026-04-27,2
@Freedom7157941,x,Somalia,2026-09-01,2026-09-01,3
@Fufuuu06946801,x,Somalia,2026-06-14,2026-08-16,5
@GByaruhanga01,x,South Sudan,2026-08-05,2026-08-05,2
@GERinSSD,x,South Sudan,2026-07-09,2026-08-08,5
@GOVERNORKAHUHO1,x,Kenya,2026-03-19,2026-04-17,21
@GSGgg88,x,South Sudan,2026-08-09,2026-08-09,2
@GTMAC21,x,Somalia,2026-06-22,2026-06-22,2
@GabrielMariya,x,South Sudan,2026-07-07,2026-07-07,2
@GabrielPgxng,x,Somalia,2026-06-13,2026-06-14,5
@GabrielsShorts,x,South Sudan,2026-08-09,2026-08-09,3
@GachambaK,x,Kenya,2026-04-27,2026-04-27,4
@Gai098,x,South Sudan,2026-07-19,2026-07-19,2
@GarangMaker23,x,South Sudan,2026-07-17,2026-07-17,3
@Garang_Lester,x,South Sudan,2026-08-07,2026-08-07,3
@Garimian,x,South Sudan,2026-04-24,2026-04-25,8
@GaroweOnline,x,Somalia,2026-06-04,2026-06-25,6
@GatdetGiel40687,x,South Sudan,2026-07-16,2026-07-16,3
@GathogoBMwangi,x,Kenya,2026-04-24,2026-04-24,2
@GenoInsightsKe,x,South Sudan,2026-06-22,2026-07-29,8
@GeoBit_Official,x,South Sudan,2026-07-22,2026-07-22,2
@Geoffre05089601,x,South Sudan,2026-08-10,2026-08-10,2
@Gerjed,x,Kenya,2026-04-26,2026-04-26,2
@GhArmedForces,x,South Sudan,2026-07-07,2026-07-07,3
@GhaflaKenya,x,Kenya,2026-07-25,2026-07-25,2
@Ghjuseppe,x,Kenya,2026-06-22,2026-07-04,6
@GideonKimaiyo_,x,Kenya,2026-04-24,2026-04-24,2
@Gilead_1,x,Kenya,2026-04-23,2026-04-23,3
@GitahiJcgitahi,x,Kenya,2026-07-26,2026-07-26,2
@GiveWell,x,South Sudan,2026-07-29,2026-07-29,2
@GlobalActionPW,x,South Sudan,2026-04-19,2026-04-19,31
@Globalstats_77,x,South Sudan,2026-07-23,2026-07-23,2
@GoKazini,x,Kenya,2026-07-24,2026-09-02,38
@Goddie_Ke,x,Kenya,2026-04-22,2026-08-01,20
@Goldfield6,x,Kenya,2026-06-17,2026-06-17,2
@Gone_Filmo,x,Kenya,2026-07-02,2026-07-02,2
@Goricho1Nyam,x,South Sudan,2026-04-16,2026-04-16,4
@GovLeeKinyanjui,x,Kenya,2026-06-23,2026-06-23,3
@Graham_dePenros,x,Somalia,2026-06-21,2026-06-21,3
@Gubanmeere,x,Somalia,2026-05-21,2026-05-21,2
@GukenaFMKenya,x,Kenya,2026-06-02,2026-07-02,5
@GunnerAfrican,x,South Sudan,2026-06-23,2026-07-16,4
@GuntherEagleman,x,South Sudan,2026-07-30,2026-07-30,2
@Guntigaab,x,Somalia,2026-06-20,2026-08-20,9
@GuverNepew,x,Somalia,2026-05-19,2026-05-19,2
@HAGGOOGANE,x,Somalia,2026-04-21,2026-06-20,6
@HASSAN_A_ELMI,x,Somalia,2026-04-22,2026-06-27,23
@HCCanKenya,x,Kenya,2026-06-23,2026-06-23,2
@HCGCancerCenter,x,Kenya,2026-03-23,2026-03-23,2
@HMCsomaliTV,x,South Sudan,2026-08-13,2026-08-13,2
@HQNigerianArmy,x,South Sudan,2026-06-11,2026-06-11,2
@HRF,x,South Sudan,2026-04-17,2026-04-17,4
@HabarizaUN,x,South Sudan,2026-04-17,2026-04-17,2
@Halgamaassc99,x,Somalia,2026-06-17,2026-06-17,2
@HalimaAIGutale,x,South Sudan,2026-03-29,2026-03-29,4
@HamedMonta11821,x,South Sudan,2026-06-29,2026-06-29,2
@HamzaAbdiBarre,x,Somalia,2026-06-16,2026-06-21,4
@HangingByA,x,Somalia,2026-06-20,2026-06-20,4
@HanyIbrahim17,x,South Sudan,2026-07-21,2026-07-21,2
@HassanAKhaire,x,Somalia,2026-06-17,2026-06-17,4
@HassanMcOjwang,x,Kenya,2026-06-22,2026-06-22,2
@HawliM95072,x,South Sudan,2026-07-07,2026-07-07,2
@Heal_within96,x,South Sudan,2026-06-22,2026-06-22,5
@Heisenbergg1015,x,Somalia,2026-05-21,2026-05-22,5
@HesbonHb,x,Kenya,2026-04-30,2026-04-30,2
@HespressFr,x,Kenya,2026-07-28,2026-07-28,2
@HighChiefOkoro,x,Kenya,2026-06-22,2026-06-22,2
@Hiil_san,x,Somalia,2026-04-18,2026-04-18,2
@Hinata_Kiyoto,x,South Sudan,2026-04-30,2026-04-30,3
@HinduNation__,x,Somalia,2026-06-23,2026-06-23,2
@HollyGrayle,x,South Sudan,2026-04-18,2026-04-18,2
@HonJBMuturi,x,Kenya,2026-06-11,2026-06-11,3
@HonJNyakundi,x,Kenya,2026-06-19,2026-06-20,4
@Honcalebamisi,x,Kenya,2026-06-08,2026-07-14,8
@Honeyfarsafi,x,Kenya,2026-04-22,2026-04-22,5
@HornEconomicRev,x,South Sudan,2026-07-13,2026-07-25,5
@Horn_Africa,x,South Sudan,2026-07-24,2026-07-24,2
@HourlyNewsWave,x,Kenya,2026-06-24,2026-07-14,4
@HueyX1942,x,Somalia,2026-09-06,2026-09-06,2
@HumNabimanya,x,South Sudan,2026-08-07,2026-08-07,2
@HurdadaKaKac,x,Somalia,2026-07-01,2026-07-01,2
@Huseindeyr,x,Somalia,2026-06-24,2026-06-24,2
@IAMartin_,x,Kenya,2026-06-05,2026-08-10,4
@IAmKevintoh,x,Kenya,2026-05-22,2026-08-13,7
@ICRC,x,South Sudan,2026-08-03,2026-08-03,3
@ICRC_Africa,x,South Sudan,2026-08-01,2026-08-01,2
@ICRC_SSudan,x,South Sudan,2026-06-26,2026-08-08,21
@ICRC_dc,x,South Sudan,2026-08-06,2026-08-06,2
@ICRISAT,x,South Sudan,2026-06-27,2026-06-27,2
@ICTSocietySSD11,x,South Sudan,2026-07-05,2026-07-05,4
@IEAKenya,x,Kenya,2026-08-11,2026-08-11,2
@IFADEastAfrica,x,South Sudan,2026-07-22,2026-07-22,3
@IFADPresident,x,South Sudan,2026-08-08,2026-08-08,2
@IFDCGlobal,x,South Sudan,2026-07-29,2026-07-29,2
@IGADHealthS,x,South Sudan,2026-06-25,2026-06-25,3
@IGADPeace,x,South Sudan,2026-06-16,2026-06-20,9
@IGADYouthEnvoy,x,South Sudan,2026-07-21,2026-07-22,17
@IGADsecretariat,x,South Sudan,2026-07-03,2026-08-02,8
@IHF_Heritage,x,South Sudan,2026-07-02,2026-07-02,2
@IMC_Worldwide,x,South Sudan,2026-06-28,2026-06-28,3
@INSOinfo,x,South Sudan,2026-04-16,2026-04-16,2
@IOMEthiopia,x,South Sudan,2026-07-07,2026-07-07,3
@IOMSouthSudan,x,South Sudan,2026-06-30,2026-08-11,17
@IOM_EHSA,x,South Sudan,2026-04-18,2026-07-29,8
@IamWafula1,x,Kenya,2026-08-24,2026-09-07,33
@IanECox,x,South Sudan,2026-07-09,2026-08-06,5
@IbnyonusIdris,x,Somalia,2026-09-04,2026-09-04,2
@IdentEveryHour,x,South Sudan,2026-07-27,2026-07-27,2
@Idontknowmans20,x,Somalia,2026-07-05,2026-07-05,2
@IftinSudi,x,Somalia,2026-08-06,2026-08-06,3
@Ijabril,x,Somalia,2026-06-17,2026-06-23,6
@Ikengadike,x,South Sudan,2026-07-16,2026-07-16,3
@IkraamDr,x,Somalia,2026-08-03,2026-08-16,8
@IlhamFaleebo,x,Somalia,2026-06-25,2026-06-25,2
@IloveJesus1975,x,South Sudan,2026-04-18,2026-04-23,14
@ImtiazMadmood,x,South Sudan,2026-08-08,2026-08-08,3
@InaCiddood,x,Somalia,2026-04-16,2026-04-16,4
@IndiaDigest9999,x,South Sudan,2026-07-26,2026-07-26,2
@IndigenousCp,x,South Sudan,2026-08-02,2026-08-02,3
@Informer_ke,x,Kenya,2026-07-19,2026-07-19,7
@InsecurityKE,x,Kenya,2026-04-17,2026-04-17,2
@InsideSomalia2,x,Somalia,2026-06-21,2026-06-21,2
@IntegritySouth,x,South Sudan,2026-07-11,2026-07-16,4
@IntrepidKomen,x,South Sudan,2026-08-10,2026-08-10,3
@InvestNantong,x,South Sudan,2026-06-30,2026-06-30,2
@Is_javan,x,Kenya,2026-06-26,2026-06-26,3
@IsajiBrian1,x,Kenya,2026-04-20,2026-04-20,2
@IsmacilYuusuf,x,Somalia,2026-04-22,2026-04-26,17
@IsmailAlttayeb,x,South Sudan,2026-07-19,2026-07-19,2
@Ismellbs613,x,Somalia,2026-05-22,2026-05-22,2
@IsraelinRwanda,x,Kenya,2026-06-16,2026-06-16,2
@ItsGichuruRaini,x,Kenya,2026-05-20,2026-08-11,9
@Its_ereko,x,Somalia,2026-06-09,2026-06-09,3
@Itx_judith,x,Somalia,2026-06-22,2026-06-22,2
@Ivadleber,x,South Sudan,2026-04-22,2026-05-31,12
@Ivory1957,x,South Sudan,2026-06-28,2026-07-09,8
@JBartle44051086,x,Somalia,2026-06-23,2026-06-23,7
@JFJustice,x,South Sudan,2026-04-22,2026-04-22,4
@JLW_80,x,South Sudan,2026-07-16,2026-07-16,2
@JMeservey,x,Kenya,2026-06-18,2026-06-18,3
@JMic577,x,Kenya,2026-07-14,2026-07-14,2
@JN_FC_,x,Kenya,2026-08-13,2026-08-13,2
@JSLl960,x,Somalia,2026-04-16,2026-04-30,5
@JTAtv5monde,x,Kenya,2026-07-22,2026-07-22,2
@JUGTACULLUS,x,Somalia,2026-04-27,2026-04-27,5
@JaKompyuta,x,Kenya,2026-08-13,2026-08-13,2
@JabriilM99309,x,Somalia,2026-04-23,2026-07-31,12
@JackStr42679640,x,South Sudan,2026-07-27,2026-07-27,3
@JafarZeppeli,x,South Sudan,2026-08-10,2026-08-10,2
@Jahweyn,x,Somalia,2026-08-24,2026-08-24,2
@Jahyleee,x,Kenya,2026-09-05,2026-09-05,2
@JakeWSimons,x,South Sudan,2026-08-09,2026-08-09,2
@Jam3sRyanTaylor,x,South Sudan,2026-07-25,2026-07-25,3
@Jambotv_,x,Kenya,2026-08-04,2026-08-04,2
@JamesLokwale,x,South Sudan,2026-07-27,2026-08-11,11
@JamesPGoddard90,x,Somalia,2026-06-21,2026-06-21,2
@JamiiForums_KE,x,Kenya,2026-03-19,2026-03-19,3
@Janetmw25,x,Kenya,2026-05-22,2026-08-26,14
@Jannaay1,x,Somalia,2026-09-07,2026-09-07,5
@JaphethOtieno01,x,Kenya,2026-06-24,2026-06-24,2
@JebetKe_,x,Kenya,2026-08-15,2026-08-15,2
@JeremyMutiso,x,Kenya,2026-04-17,2026-04-17,2
@Jerome_bg,x,Kenya,2026-06-21,2026-06-21,2
@JerryXhandle,x,South Sudan,2026-07-03,2026-07-03,3
@JesusAliveGO,x,South Sudan,2026-07-03,2026-07-03,3
@JfkPascalNajadX,x,South Sudan,2026-08-12,2026-08-12,2
@JibrilQoobey,x,South Sudan,2026-08-23,2026-08-23,2
@Jigjigamedia,x,Somalia,2026-06-25,2026-06-25,2
@JimiWanjigi,x,Kenya,2026-06-17,2026-06-17,2
@JoeDudim,x,South Sudan,2026-07-25,2026-07-25,2
@JoeMuhahami,x,Kenya,2026-05-30,2026-05-30,2
@Joe__Bassey,x,South Sudan,2026-07-12,2026-08-04,11
@Joe_brendan_,x,South Sudan,2026-07-07,2026-07-07,2
@JohnYool1,x,South Sudan,2026-06-27,2026-07-12,9
@John_F_kJr,x,Somalia,2026-06-18,2026-06-18,2
@JohnnyMvkimura,x,Somalia,2026-05-27,2026-05-27,3
@Johnson07165130,x,Somalia,2026-08-19,2026-08-19,2
@Jonteeh__,x,South Sudan,2026-07-26,2026-07-26,2
@JoseMukendi2,x,Kenya,2026-08-09,2026-08-09,2
@JosephC85099765,x,Kenya,2026-04-24,2026-04-24,2
@Josephkihiu12,x,Kenya,2026-04-24,2026-08-25,20
@JoshuaNdeg91985,x,Kenya,2026-07-26,2026-08-27,8
@JosphOmuya,x,Kenya,2026-08-15,2026-08-15,2
@Jowharcom,x,Somalia,2026-08-03,2026-08-05,4
@Ju_knr,x,South Sudan,2026-08-26,2026-08-26,3
@JuliusBintu,x,South Sudan,2026-07-05,2026-07-05,2
@JumaCJ1,x,Kenya,2026-04-16,2026-04-16,2
@JumaaMaest6417,x,Kenya,2026-06-23,2026-06-23,2
@Juta_ZA,x,South Sudan,2026-07-23,2026-07-23,3
@K24Tv,x,Kenya,2026-06-05,2026-08-08,10
@K31SH1N,x,South Sudan,2026-07-14,2026-07-19,4
@KAGAMEAL,x,Somalia,2026-04-25,2026-04-26,13
@KDJRadioShow,x,Somalia,2026-06-22,2026-06-22,2
@KDTopTen,x,South Sudan,2026-08-13,2026-08-13,2
@KEBS_ke,x,Kenya,2026-07-03,2026-07-03,2
@KRACare,x,Kenya,2026-05-28,2026-06-29,7
@KRACorporate,x,Kenya,2026-03-24,2026-03-25,14
@KTNNewsKE,x,South Sudan,2026-03-27,2026-07-14,16
@KU1X1N,x,South Sudan,2026-08-04,2026-08-04,3
@KURAroads,x,Kenya,2026-06-09,2026-07-23,8
@KWSKenya,x,Kenya,2026-06-23,2026-06-23,2
@KaabTV,x,Somalia,2026-06-21,2026-06-25,11
@KabuaJulius,x,Kenya,2026-06-02,2026-08-10,16
@KadarDabeco,x,South Sudan,2026-06-24,2026-07-10,5
@KahawaTungu,x,South Sudan,2026-07-05,2026-07-05,3
@KahoyaMuiru,x,Kenya,2026-04-30,2026-08-10,8
@KamBam170,x,Somalia,2026-04-16,2026-04-16,2
@KamemeTvKenya,x,Kenya,2026-09-07,2026-09-07,2
@KampalaPost,x,South Sudan,2026-07-27,2026-07-27,3
@KariukiDiaspora,x,Kenya,2026-06-24,2026-06-24,2
@KarlMarxsux,x,South Sudan,2026-06-30,2026-06-30,2
@KarungoThangwa,x,Kenya,2026-06-09,2026-06-09,2
@Katsuva_R,x,Kenya,2026-06-23,2026-06-23,2
@Kauzi_254,x,Kenya,2026-08-08,2026-08-08,3
@KawowoSports,x,South Sudan,2026-07-27,2026-07-27,2
@KeKirwa,x,Kenya,2026-07-31,2026-08-09,8
@KeRRA_Ke,x,Kenya,2026-04-24,2026-04-24,2
@KeefaCom,x,South Sudan,2026-07-24,2026-07-24,3
@Keffoh,x,Kenya,2026-04-21,2026-04-21,2
@KelvinOdoobo,x,South Sudan,2026-08-11,2026-08-11,2
@KelvinWatoka,x,Kenya,2026-04-17,2026-08-26,8
@Kelvin_my_name,x,Kenya,2026-07-07,2026-07-07,2
@KenAseka,x,Kenya,2026-07-25,2026-07-25,3
@KenMorka75,x,South Sudan,2026-07-29,2026-07-29,4
@KenMwohe,x,Kenya,2026-04-27,2026-07-26,6
@KenRoth,x,South Sudan,2026-07-08,2026-07-08,2
@Kenancamurcu,x,Somalia,2026-06-20,2026-06-20,3
@Kenlelekoiten,x,Kenya,2026-03-23,2026-03-23,2
@KenyaFraternity,x,Kenya,2026-04-16,2026-06-11,4
@KenyaInsights,x,South Sudan,2026-08-10,2026-08-10,2
@KenyaKupa,x,Kenya,2026-09-02,2026-09-02,2
@KenyaNewsAgency,x,Kenya,2026-09-07,2026-09-07,2
@KenyaNewsCentre,x,South Sudan,2026-07-11,2026-08-05,4
@KenyaPower_Care,x,Kenya,2026-06-23,2026-06-23,2
@KenyaRedCross,x,Kenya,2026-03-24,2026-04-17,4
@KenyaWeWant_,x,Kenya,2026-06-16,2026-06-22,10
@Kenya_Digest,x,Kenya,2026-06-19,2026-06-21,9
@KenyanSays,x,Kenya,2026-04-18,2026-09-07,13
@Kenyan_Report,x,Kenya,2026-07-15,2026-07-15,2
@Kenyans,x,Kenya,2026-06-11,2026-09-07,44
@KenyattaUni,x,South Sudan,2026-07-07,2026-07-14,14
@KephisKe,x,Somalia,2026-06-14,2026-06-14,2
@KermaFarmer,x,South Sudan,2026-04-30,2026-04-30,2
@KeruboStar,x,Kenya,2026-07-03,2026-07-03,2
@KevinOwuorOuma1,x,Kenya,2026-08-11,2026-08-11,2
@KhadraGar,x,South Sudan,2026-06-12,2026-08-14,9
@KhalidY35222324,x,Somalia,2026-04-28,2026-04-28,2
@Khant90366,x,South Sudan,2026-04-27,2026-04-27,4
@KhutsoSeba63661,x,Kenya,2026-08-02,2026-08-02,2
@KiambuTweep,x,Kenya,2026-04-30,2026-04-30,3
@KibangaBooks,x,South Sudan,2026-04-22,2026-07-23,8
@KiberuJimmy,x,Kenya,2026-04-22,2026-04-22,2
@Kibet_bull,x,Kenya,2026-04-30,2026-06-21,15
@KigoyeK,x,South Sudan,2026-08-12,2026-08-12,2
@Kihoto13840421,x,Kenya,2026-04-26,2026-04-26,2
@Kiir_Adut,x,South Sudan,2026-03-24,2026-06-24,12
@KijanayaKabras,x,Kenya,2026-04-30,2026-07-01,13
@KijaniKenobi327,x,Kenya,2026-04-30,2026-04-30,2
@KillaLando,x,Kenya,2026-04-27,2026-04-27,2
@Kimuzi_,x,Kenya,2026-06-05,2026-06-05,3
@Kinara_01,x,Kenya,2026-08-02,2026-08-02,2
@KingZac44573212,x,South Sudan,2026-08-03,2026-08-03,3
@KingsResearchKE,x,Kenya,2026-08-07,2026-08-07,2
@Kipchumba08,x,Kenya,2026-04-22,2026-04-22,2
@Kisembotadjo,x,South Sudan,2026-07-20,2026-07-20,4
@KizyUzoma,x,Kenya,2026-06-11,2026-06-11,3
@KobokoDahirou,x,South Sudan,2026-08-06,2026-08-06,3
@Koecheruiyot,x,Kenya,2026-03-24,2026-08-02,7
@KoinangeJeff,x,South Sudan,2026-07-25,2026-08-07,6
@Kriss_Mojoh,x,Kenya,2026-03-27,2026-03-27,2
@KuchPanthum,x,South Sudan,2026-08-11,2026-08-11,2
@KunguOfficial,x,Kenya,2026-08-27,2026-08-27,3
@Kusema1000X,x,Somalia,2026-06-17,2026-06-17,3
@Kushiticwarrior,x,South Sudan,2026-08-04,2026-08-06,6
@Kweklos95,x,South Sudan,2026-04-26,2026-04-26,2
@KyaloIntel,x,Kenya,2026-04-16,2026-04-30,29
@KyaloJon,x,Somalia,2026-04-26,2026-04-26,2
@LBrownKSTP,x,Somalia,2026-06-17,2026-06-17,2
@L_Sng_amrr,x,Somalia,2026-06-11,2026-06-11,3
@LaacibTV,x,Somalia,2026-05-27,2026-08-27,50
@LabanMbunya,x,Kenya,2026-07-26,2026-07-26,2
@LaetitiaBader,x,South Sudan,2026-07-30,2026-07-30,2
@LafzDigital,x,South Sudan,2026-08-13,2026-08-13,2
@LandofPuntites,x,Somalia,2026-06-21,2026-06-21,3
@Lazooj,x,Kenya,2026-08-18,2026-08-18,4
@LegalActionWW,x,South Sudan,2026-07-08,2026-07-08,3
@LetMeKnowThoo,x,Somalia,2026-04-26,2026-04-26,4
@LevyKingTips,x,Kenya,2026-06-28,2026-06-28,2
@Liban_Bitcoin,x,Somalia,2026-04-22,2026-04-22,2
@LibertyCappy,x,South Sudan,2026-08-11,2026-08-12,4
@LibertyMarieEP,x,Somalia,2026-06-22,2026-06-22,2
@LibertyNut1,x,Somalia,2026-06-25,2026-06-25,2
@Lightcasttvke,x,Kenya,2026-04-16,2026-08-30,38
@LiibaanMuuseXa2,x,Somalia,2026-05-16,2026-05-16,3
@LilKimCharts2,x,South Sudan,2026-07-28,2026-07-28,2
@Limooflz678,x,Somalia,2026-06-23,2026-06-23,4
@LincMeschuk01,x,South Sudan,2026-07-20,2026-07-20,2
@LinusKaikai,x,South Sudan,2026-07-23,2026-07-23,3
@Lion_Roar_1,x,Somalia,2026-08-14,2026-08-19,7
@LogicUniv,x,South Sudan,2026-07-01,2026-07-23,5
@LokaSeven,x,Kenya,2026-05-22,2026-05-22,2
@Lokeshwarudu9,x,South Sudan,2026-06-30,2026-06-30,2
@Loluwa19,x,South Sudan,2026-07-13,2026-07-13,2
@LoneStarLegendX,x,Somalia,2026-06-18,2026-06-18,3
@LucyNyarAgutu,x,Kenya,2026-08-08,2026-08-08,2
@LyricalDoctor6,x,Kenya,2026-03-27,2026-03-27,2
@MAbdirizak,x,Somalia,2026-06-23,2026-06-23,2
@MC_Bosire,x,Kenya,2026-06-16,2026-06-16,2
@MDKULEWA,x,South Sudan,2026-08-09,2026-08-09,3
@MMSomalitv,x,Somalia,2026-06-04,2026-06-25,51
@MMatter_s,x,Kenya,2026-06-26,2026-06-28,4
@MODVA_UPDF,x,South Sudan,2026-07-27,2026-07-27,2
@MOH_Kenya,x,Kenya,2026-03-23,2026-09-07,4
@MOSSADil,x,South Sudan,2026-06-29,2026-06-29,2
@MPDrAbib,x,Somalia,2026-06-22,2026-06-22,2
@MSEA_Kenya,x,Kenya,2026-08-11,2026-08-16,5
@MSF,x,South Sudan,2026-08-09,2026-08-09,3
@MSF_EastAfrica,x,South Sudan,2026-08-07,2026-08-07,3
@MSF_SouthAsia,x,South Sudan,2026-08-10,2026-08-10,3
@MSF_SouthSudan,x,South Sudan,2026-06-24,2026-08-07,19
@MUTEMBEI1D,x,Kenya,2026-08-13,2026-08-13,3
@MWANGEMI847919,x,Kenya,2026-09-06,2026-09-06,2
@MZALENDOKE4,x,Kenya,2026-07-17,2026-07-17,2
@M_B2000_24,x,Kenya,2026-08-31,2026-08-31,3
@M_kipkemboi,x,Kenya,2026-04-21,2026-04-21,2
@MaasaiMuse,x,Kenya,2026-07-22,2026-07-22,2
@MaatforPeace,x,South Sudan,2026-07-08,2026-07-08,2
@Mabonga_254,x,Kenya,2026-06-24,2026-06-24,2
@MachumuKadutu,x,Kenya,2026-08-13,2026-08-13,3
@MacroBombastic,x,Somalia,2026-04-16,2026-04-16,2
@MadeySiyad,x,Somalia,2026-06-16,2026-06-16,2
@Mahamed81443729,x,Somalia,2026-06-21,2026-06-21,3
@Mahnya27,x,Somalia,2026-06-07,2026-06-07,5
@MainNeli_,x,Kenya,2026-08-28,2026-08-28,3
@Mainah10grsfqs,x,Somalia,2026-05-20,2026-05-20,2
@MaithyaVilivu,x,Kenya,2026-04-17,2026-04-17,2
@Majakovsk73,x,South Sudan,2026-06-19,2026-08-31,6
@MakangMacdonald,x,Kenya,2026-08-31,2026-08-31,2
@MakauWaMuli,x,Kenya,2026-04-27,2026-04-28,7
@MakeSenseMarie,x,South Sudan,2026-06-21,2026-06-21,3
@Makiadi_,x,Kenya,2026-04-20,2026-04-20,2
@MakosaNiYangu,x,Kenya,2026-06-05,2026-06-05,3
@Mamiin2,x,Somalia,2026-08-16,2026-08-16,2
@Mandagokorao1,x,Kenya,2026-08-04,2026-08-04,2
@Mandereke2027,x,Kenya,2026-07-22,2026-07-22,2
@Manikipi,x,Somalia,2026-06-23,2026-06-23,2
@Marc_Macuda,x,Kenya,2026-03-19,2026-03-19,3
@Mareeyah057,x,Kenya,2026-08-05,2026-08-05,2
@MariaSTsehai,x,South Sudan,2026-06-16,2026-06-16,2
@MarioNawfal,x,South Sudan,2026-06-24,2026-08-08,7
@Mark60147335736,x,South Sudan,2026-06-29,2026-06-29,4
@Markosonke1,x,South Sudan,2026-06-17,2026-06-17,3
@Marrowmtxv,x,Somalia,2026-06-21,2026-09-06,4
@MartinSwithins,x,Somalia,2026-04-30,2026-04-30,2
@MartinTipo6d,x,South Sudan,2026-08-02,2026-08-02,3
@MaryK2022,x,Kenya,2026-06-08,2026-06-18,11
@Maryian96,x,Kenya,2026-06-05,2026-09-02,17
@Mastardcesh,x,Kenya,2026-06-18,2026-06-18,3
@Mastermastin_GO,x,South Sudan,2026-07-02,2026-07-02,2
@MattXtraHQ,x,South Sudan,2026-07-13,2026-07-13,2
@MaxamedMax70655,x,Somalia,2026-08-03,2026-08-03,2
@MayadeenEnglish,x,Somalia,2026-06-24,2026-06-24,3
@MayangTut01,x,South Sudan,2026-04-16,2026-06-25,7
@Mayra_FloresTx,x,South Sudan,2026-07-26,2026-07-26,2
@Mbaade_tz,x,Kenya,2026-08-14,2026-08-14,2
@MboiraDerrick,x,South Sudan,2026-07-24,2026-07-24,2
@MedTrackMode,x,Kenya,2026-04-18,2026-04-18,2
@MedakVetCanada,x,Somalia,2026-06-13,2026-06-13,2
@MediaWararka,x,Somalia,2026-04-20,2026-06-28,9
@MegeHarry,x,Kenya,2026-04-26,2026-04-26,4
@MekondjoKondja,x,South Sudan,2026-06-12,2026-06-12,2
@MennoMissionNet,x,South Sudan,2026-08-01,2026-08-06,6
@Mercantio,x,Somalia,2026-04-25,2026-05-21,12
@MeteoKenya,x,Kenya,2026-03-19,2026-09-02,22
@MettaBhavana1,x,South Sudan,2026-04-20,2026-04-20,2
@MguuKwaMguu2025,x,Kenya,2026-05-22,2026-05-22,2
@MichaelARothman,x,South Sudan,2026-06-16,2026-08-08,9
@MiddleEastEye,x,Somalia,2026-06-23,2026-06-23,3
@MiddleEast_24,x,South Sudan,2026-07-20,2026-07-20,3
@MigunaMiguna,x,Kenya,2026-06-17,2026-06-23,10
@Mike_Modulator,x,South Sudan,2026-07-13,2026-07-13,3
@Milatrud11,x,South Sudan,2026-08-11,2026-08-11,2
@Millanholy,x,South Sudan,2026-07-29,2026-08-08,8
@MimiMefoInfo,x,South Sudan,2026-06-21,2026-08-08,10
@MirageNewsCom,x,South Sudan,2026-04-19,2026-04-19,2
@Misspreety17,x,Kenya,2026-06-18,2026-06-18,3
@Miz_Ruraltarain,x,South Sudan,2026-06-18,2026-06-20,8
@MkenyHalisi254,x,Kenya,2026-04-24,2026-04-24,4
@MkenyaMzi,x,Kenya,2026-04-20,2026-04-30,4
@Mkenya_Halisi,x,Kenya,2026-08-13,2026-08-13,2
@Mnauwoo,x,Kenya,2026-07-15,2026-07-15,2
@MoAbdiyare,x,Somalia,2026-04-30,2026-04-30,2
@MoDSomaliya,x,Somalia,2026-06-14,2026-06-24,4
@MoGEI_SSD,x,South Sudan,2026-07-11,2026-07-11,2
@MoIFARSomalia,x,Somalia,2026-06-16,2026-06-24,5
@Mo_boqorka,x,Somalia,2026-06-11,2026-06-11,2
@Mo_kingly,x,Kenya,2026-07-22,2026-07-22,2
@Moali838,x,Somalia,2026-03-28,2026-03-28,6
@Mochamarichar,x,Kenya,2026-04-27,2026-04-28,6
@ModoSaks,x,Kenya,2026-06-27,2026-06-27,3
@MoeTensors,x,Kenya,2026-08-13,2026-08-13,2
@MofaQatar_EN,x,South Sudan,2026-06-23,2026-07-17,4
@MogadishuMade,x,Somalia,2026-06-16,2026-06-16,2
@MohamadEnanais,x,Somalia,2026-04-17,2026-04-20,6
@MohamedASalad,x,Somalia,2026-06-19,2026-06-19,2
@MohamudUluso,x,Somalia,2026-08-05,2026-08-05,3
@MohanadElbalal,x,South Sudan,2026-06-27,2026-06-27,2
@MohmedSooy69373,x,Somalia,2026-07-01,2026-07-02,6
@Mohud_Sayid,x,Somalia,2026-06-19,2026-06-19,2
@MojoMamaof4,x,South Sudan,2026-06-26,2026-06-26,3
@Molame2030,x,South Sudan,2026-03-30,2026-03-30,2
@MonicN7,x,Kenya,2026-04-26,2026-04-26,2
@Mopaomokonzi200,x,Kenya,2026-03-22,2026-03-22,2
@MoraraKebaso,x,Kenya,2026-06-21,2026-06-21,5
@Morbid_Kenyan,x,Kenya,2026-07-01,2026-07-01,2
@Moyocoyotzin254,x,Kenya,2026-05-19,2026-05-19,2
@MpasuaMiamba047,x,Kenya,2026-04-16,2026-04-16,2
@MrAndyNgo,x,Somalia,2026-06-21,2026-06-21,2
@MrKifaki,x,Kenya,2026-07-03,2026-07-03,2
@MrKipkalya,x,Kenya,2026-07-31,2026-07-31,2
@MrMIRAAFFF,x,Somalia,2026-06-27,2026-06-27,2
@Mr_Ceo_____,x,South Sudan,2026-07-31,2026-07-31,2
@MrblaqKulture,x,South Sudan,2026-03-29,2026-03-29,2
@MteteziPato,x,Kenya,2026-08-18,2026-08-18,7
@MthokoButhelez6,x,Kenya,2026-08-29,2026-08-29,3
@Mtu_Wa_Mjengoo,x,Kenya,2026-04-24,2026-04-24,4
@Muchang_i,x,Kenya,2026-08-17,2026-08-17,2
@MudasiaEvans,x,Kenya,2026-05-30,2026-05-30,2
@MuhammedBishaar,x,Somalia,2026-04-30,2026-08-09,6
@MukhtarAlaska,x,Somalia,2026-04-26,2026-04-26,4
@MukigaTraveller,x,South Sudan,2026-07-20,2026-07-20,2
@MungaiAlvin,x,South Sudan,2026-08-11,2026-08-11,2
@Muoki_1,x,Kenya,2026-08-03,2026-08-03,2
@MurimaMaestro,x,Kenya,2026-04-28,2026-06-19,5
@Murkeldah,x,Kenya,2026-06-28,2026-06-28,2
@MusaKahin49384,x,Somalia,2026-04-18,2026-08-03,13
@MusaaRonalds,x,South Sudan,2026-06-22,2026-07-10,14
@MusaliaMudavadi,x,Kenya,2026-06-09,2026-06-20,7
@Mustafa82211464,x,Somalia,2026-06-16,2026-06-16,3
@MustafeMoreland,x,Somalia,2026-06-25,2026-06-25,3
@MutembeiTV,x,Kenya,2026-06-21,2026-09-02,28
@MuzaidKhemis,x,South Sudan,2026-07-18,2026-07-18,3
@MwaivuKaluka,x,Kenya,2026-07-02,2026-07-02,2
@Mwakina_,x,Kenya,2026-07-23,2026-07-23,2
@MwananchiNews,x,Kenya,2026-08-07,2026-08-26,9
@MwangiBonnie,x,Kenya,2026-04-19,2026-06-22,14
@MwangiHub,x,Kenya,2026-06-20,2026-06-20,2
@MwangiMaina_,x,South Sudan,2026-07-24,2026-07-24,2
@Mwansa3Rodgers,x,South Sudan,2026-06-27,2026-06-27,3
@MwanzoTv,x,Kenya,2026-07-03,2026-07-03,2
@MwanzoTvPlus,x,Kenya,2026-08-14,2026-08-18,4
@Mwawasi__,x,Kenya,2026-08-24,2026-08-24,2
@MweneMuganga,x,South Sudan,2026-07-21,2026-07-21,2
@Mwiki_,x,Kenya,2026-08-21,2026-08-30,7
@MwongelaHub,x,Kenya,2026-08-27,2026-08-27,2
@MwriEgypt,x,South Sudan,2026-07-19,2026-07-19,3
@MyHandleNo,x,South Sudan,2026-06-28,2026-06-28,2
@Myka_veli,x,South Sudan,2026-06-29,2026-06-29,3
@MykeXvii,x,South Sudan,2026-06-29,2026-06-29,2
@MzalendoWatch,x,South Sudan,2026-07-07,2026-07-07,2
@NBS_Statistics,x,South Sudan,2026-04-21,2026-04-21,2
@NPSOfficial_KE,x,Kenya,2026-06-08,2026-06-24,8
@NRC_EAY,x,South Sudan,2026-04-30,2026-04-30,2
@N_Kinyanjui,x,Kenya,2026-04-23,2026-04-23,4
@NabirebaK,x,South Sudan,2026-07-03,2026-07-03,2
@NaekuMercy,x,Kenya,2026-07-19,2026-07-19,2
@NaftiHuray,x,Somalia,2026-06-29,2026-06-29,2
@NahashonKimemia,x,Kenya,2026-04-21,2026-04-21,2
@NaiBlogger,x,Kenya,2026-08-15,2026-08-15,2
@Naimaintaipei,x,Somalia,2026-06-18,2026-06-19,6
@NairobiLoop,x,Kenya,2026-04-22,2026-04-22,2
@Nairobi_Leo,x,Kenya,2026-08-14,2026-08-14,2
@NamakaliJacob,x,Kenya,2026-04-18,2026-04-23,15
@Naomikibandi,x,Kenya,2026-06-11,2026-06-24,5
@NasraBashiir,x,Somalia,2026-06-23,2026-06-23,2
@NatCon2022,x,South Sudan,2026-07-10,2026-07-10,2
@NateOls92341004,x,Somalia,2026-06-23,2026-06-23,2
@Nate_Jone,x,South Sudan,2026-04-16,2026-04-26,4
@NationAfrica,x,Kenya,2026-04-16,2026-06-19,15
@Nbanz_612,x,Somalia,2026-05-28,2026-05-28,2
@NeicyWoo20,x,South Sudan,2026-07-26,2026-07-26,3
@NewBlackMan,x,South Sudan,2026-04-16,2026-04-17,4
@NewTimesRwanda,x,South Sudan,2026-06-14,2026-06-14,2
@NewbieSuns,x,South Sudan,2026-07-18,2026-07-18,2
@NewsArenaIndia,x,South Sudan,2026-08-06,2026-08-06,3
@NewsCentralTV,x,South Sudan,2026-06-23,2026-07-31,9
@NewsLionSA,x,South Sudan,2026-04-25,2026-04-25,6
@NewsTurkana,x,South Sudan,2026-07-12,2026-07-12,3
@Nganga_one,x,Kenya,2026-06-21,2026-06-21,6
@NienNguen,x,South Sudan,2026-07-13,2026-07-13,2
@NigAffairs,x,South Sudan,2026-06-10,2026-06-10,2
@NigatuGalchu,x,South Sudan,2026-08-13,2026-08-13,2
@NimoGrace1,x,Kenya,2026-07-27,2026-07-27,2
@NjiruAdv,x,Kenya,2026-06-18,2026-06-18,4
@Njkk75793,x,Somalia,2026-08-02,2026-08-02,2
@NoahNewman010,x,Somalia,2026-05-21,2026-08-27,130
@NoelAnyango3,x,Kenya,2026-04-30,2026-04-30,2
@NorxDeejay,x,South Sudan,2026-07-28,2026-07-28,2
@Nothern_star001,x,Kenya,2026-08-30,2026-08-30,2
@Notjulio,x,South Sudan,2026-07-16,2026-08-08,18
@NtaaleS52207,x,South Sudan,2026-08-07,2026-08-07,2
@Nujinha_english,x,South Sudan,2026-08-31,2026-08-31,3
@NuursViews,x,Kenya,2026-07-30,2026-07-30,2
@NuwatuhaProssy,x,South Sudan,2026-07-22,2026-07-22,3
@NyakundiReport,x,Kenya,2026-06-20,2026-06-20,2
@NyandohPahoT,x,South Sudan,2026-06-04,2026-06-12,14
@NytoP2PMwangi,x,Somalia,2026-06-22,2026-06-22,2
@OAbraar,x,Somalia,2026-06-26,2026-06-27,6
@OCHASouthSudan,x,South Sudan,2026-03-22,2026-07-28,16
@OCMakinya,x,Kenya,2026-06-24,2026-06-24,2
@OElaine99229,x,South Sudan,2026-04-19,2026-04-19,2
@OMER_ABDIRHMN,x,Somalia,2026-09-05,2026-09-05,3
@ObadiahKipchir3,x,Kenya,2026-03-26,2026-08-21,36
@OboreMD,x,South Sudan,2026-08-10,2026-08-10,2
@Obuchunju,x,Kenya,2026-06-11,2026-06-22,6
@OchiengOnyang0,x,Kenya,2026-05-30,2026-05-30,2
@OchooKenn,x,Kenya,2026-09-07,2026-09-07,3
@OfficialKRU,x,Kenya,2026-06-21,2026-06-21,2
@OfficialMaroons,x,South Sudan,2026-08-05,2026-08-05,2
@Officialbarsame,x,Somalia,2026-06-21,2026-06-23,8
@OgwalSam,x,South Sudan,2026-07-21,2026-07-21,2
@Ohta_Ryota,x,South Sudan,2026-06-25,2026-06-25,2
@OkayAfrica,x,South Sudan,2026-06-27,2026-06-27,2
@Oketch_Salah,x,Kenya,2026-06-23,2026-06-23,3
@OkiyaOmtatah,x,Kenya,2026-06-17,2026-06-23,5
@Oligarchow,x,Somalia,2026-05-31,2026-05-31,2
@OmagorJoseph,x,South Sudan,2026-07-06,2026-07-06,2
@OmarIlmi83145,x,Somalia,2026-06-09,2026-06-09,2
@OmarSalah7b,x,Somalia,2026-06-22,2026-06-22,2
@OmarUnatti,x,South Sudan,2026-07-03,2026-07-03,3
@OmariKhomeiniKE,x,Kenya,2026-08-19,2026-08-24,7
@OmoloOgwala,x,Kenya,2026-05-22,2026-05-22,2
@OneCitizenNews,x,South Sudan,2026-06-10,2026-06-10,2
@Onsogbu,x,South Sudan,2026-07-01,2026-07-27,5
@Osman_estate,x,Somalia,2026-06-22,2026-07-27,8
@OumaFre48616025,x,Kenya,2026-07-10,2026-07-10,2
@Outrun21,x,Somalia,2026-04-19,2026-04-19,2
@OwenGregorian,x,South Sudan,2026-06-16,2026-08-09,5
@Owhiskey,x,Kenya,2026-04-26,2026-04-26,2
@OwinoSNicholas,x,South Sudan,2026-07-14,2026-07-14,2
@OwuorWebster,x,Kenya,2026-04-25,2026-04-25,6
@Oxfam,x,South Sudan,2026-07-10,2026-07-10,2
@OxfaminAfrica,x,South Sudan,2026-07-16,2026-07-16,2
@PAPA89s,x,Kenya,2026-04-23,2026-04-23,2
@PAstynome,x,South Sudan,2026-08-05,2026-08-05,2
@PHIAMAX,x,Kenya,2026-06-11,2026-06-11,4
@PLATINIWOMELA,x,South Sudan,2026-07-20,2026-07-20,2
@PMforUtah,x,Somalia,2026-06-22,2026-06-22,3
@PROPHETJ_OMOTO,x,South Sudan,2026-09-04,2026-09-04,3
@PTN87096037,x,Kenya,2026-04-27,2026-04-27,4
@PachodoOrg,x,South Sudan,2026-03-26,2026-08-31,110
@PakistanUN_NY,x,South Sudan,2026-08-07,2026-08-07,2
@Palmer1___,x,Kenya,2026-04-28,2026-04-28,2
@PanAfricaFooty,x,South Sudan,2026-08-12,2026-08-12,2
@PapiTrumpo123,x,Somalia,2026-06-16,2026-06-16,2
@ParassisO,x,Kenya,2026-04-26,2026-04-26,2
@Parliament_Ug,x,South Sudan,2026-08-05,2026-08-05,2
@Patelindianlion,x,South Sudan,2026-06-29,2026-06-29,3
@PatrickHeinisc1,x,South Sudan,2026-03-28,2026-08-09,17
@PatrickRudiger2,x,Kenya,2026-08-13,2026-08-13,3
@Patriote257,x,South Sudan,2026-07-05,2026-07-05,2
@Patzigzagzig,x,Kenya,2026-07-30,2026-07-30,2
@PayiraBonnie,x,South Sudan,2026-07-12,2026-07-12,2
@Perinho_Garang,x,South Sudan,2026-07-12,2026-07-18,5
@PeterElinas,x,Kenya,2026-07-07,2026-07-07,2
@PeterKariukiKE,x,Kenya,2026-06-19,2026-08-22,12
@PeterReagan777,x,Kenya,2026-07-30,2026-07-30,2
@PhanerooGlobal,x,South Sudan,2026-08-04,2026-08-04,2
@Phillip05166897,x,Somalia,2026-06-19,2026-06-20,4
@PhiloSomalia,x,Somalia,2026-06-16,2026-06-16,2
@PiQMarkets,x,South Sudan,2026-08-11,2026-08-11,3
@PineappleCrown,x,Somalia,2026-05-28,2026-05-28,2
@PmWain,x,Kenya,2026-06-27,2026-06-27,3
@Pmwanyosh,x,Kenya,2026-07-28,2026-07-29,4
@PnPPolitics,x,South Sudan,2026-08-12,2026-08-12,3
@Poking99104478,x,Somalia,2026-06-18,2026-06-18,4
@PolarizingLit,x,South Sudan,2026-07-03,2026-07-03,2
@PoliceKE,x,Kenya,2026-06-24,2026-06-24,3
@PonnieSheila,x,South Sudan,2026-06-17,2026-08-13,16
@PopularFront_,x,Somalia,2026-06-19,2026-06-19,2
@PrettyZii10244,x,Kenya,2026-06-29,2026-06-29,2
@Pretty__oma,x,South Sudan,2026-07-26,2026-07-26,2
@ProdigalThe3rd,x,Somalia,2026-06-16,2026-06-16,2
@ProfHusseinWar,x,Somalia,2026-06-24,2026-06-24,3
@PropesaTv,x,Kenya,2026-06-19,2026-06-19,2
@Proudofthisland,x,South Sudan,2026-07-29,2026-07-29,2
@PulseGhana,x,South Sudan,2026-07-13,2026-07-25,4
@PuntlandSignal,x,Somalia,2026-06-23,2026-06-23,2
@PuritymMwangi,x,Kenya,2026-04-16,2026-04-16,3
@Puskine,x,South Sudan,2026-08-08,2026-08-08,2
@Qani56270199,x,Somalia,2026-07-26,2026-07-27,8
@QasimNur1,x,Somalia,2026-07-11,2026-08-15,10
@QasimSalah7701,x,Somalia,2026-06-10,2026-08-29,11
@Qasimsalah57541,x,Somalia,2026-04-24,2026-05-31,14
@Queerace2,x,South Sudan,2026-06-12,2026-06-12,2
@QuinevenWamalwa,x,Kenya,2026-08-29,2026-08-29,2
@RAbdiAnalyst,x,Kenya,2026-04-17,2026-06-22,5
@RBryan275,x,Kenya,2026-04-18,2026-04-19,4
@RDCongoONU,x,South Sudan,2026-08-07,2026-08-07,3
@RYboating,x,South Sudan,2026-08-09,2026-08-09,3
@Radio47_Kenya,x,Kenya,2026-04-22,2026-04-28,10
@RadioCitizenFM,x,Kenya,2026-08-07,2026-08-07,2
@RadioGenKe,x,South Sudan,2026-04-24,2026-08-05,10
@RadioMiraya,x,South Sudan,2026-04-17,2026-07-31,15
@RadioMuqdisho,x,Somalia,2026-06-25,2026-06-25,3
@RadioOneSS,x,South Sudan,2026-08-13,2026-08-13,2
@RadioTaifaFM,x,Kenya,2026-09-07,2026-09-07,2
@RadioTamazuj,x,South Sudan,2026-04-17,2026-07-31,9
@Rahmasaafi,x,Somalia,2026-05-31,2026-08-31,15
@Rainmaker1973,x,South Sudan,2026-06-24,2026-06-24,2
@RakotiKeme,x,South Sudan,2026-07-25,2026-07-25,3
@RankingMooseMo,x,South Sudan,2026-07-25,2026-07-25,2
@RasMubarak,x,South Sudan,2026-07-20,2026-07-20,2
@RayMwabini,x,South Sudan,2026-07-20,2026-07-20,3
@RealAbyan,x,Somalia,2026-08-19,2026-08-19,2
@RealMatiangi,x,Kenya,2026-06-24,2026-06-24,2
@Real_RobN,x,Somalia,2026-06-16,2026-06-22,10
@Realkangethe,x,Kenya,2026-04-20,2026-06-25,29
@ReallyNowBro,x,South Sudan,2026-08-03,2026-08-03,2
@RedSpiceX,x,South Sudan,2026-07-07,2026-07-07,2
@RefugeesAfrica,x,South Sudan,2026-08-15,2026-08-15,2
@Reganelite2,x,South Sudan,2026-07-09,2026-07-09,2
@Rehna73223138,x,South Sudan,2026-07-16,2026-07-16,3
@RenaissanceDam,x,South Sudan,2026-07-22,2026-07-22,2
@RepNancyMace,x,South Sudan,2026-06-26,2026-06-26,6
@RepOfSomaliland,x,Somalia,2026-04-22,2026-04-22,5
@Republicn5,x,Somalia,2026-08-14,2026-08-14,2
@Resj720,x,South Sudan,2026-04-25,2026-04-26,10
@Rfembsouthsudan,x,South Sudan,2026-08-13,2026-08-13,2
@RiamLiz43027,x,South Sudan,2026-08-07,2026-08-07,3
@Rich_In_Christ_,x,South Sudan,2026-07-17,2026-07-17,2
@Rizah_Wizahd,x,Kenya,2026-07-22,2026-07-22,2
@RobertM15172478,x,South Sudan,2026-07-13,2026-07-13,2
@Roblerrth,x,Somalia,2026-08-26,2026-08-26,2
@RoblyXNews24,x,Somalia,2026-06-04,2026-06-04,2
@RodgersKipembe,x,Kenya,2026-06-19,2026-06-19,2
@RonaldLamola,x,South Sudan,2026-07-11,2026-07-11,3
@RonexKisembo,x,South Sudan,2026-07-20,2026-07-20,3
@RonnyRonMike,x,Kenya,2026-08-22,2026-08-22,2
@Rothmus,x,Somalia,2026-06-22,2026-06-22,5
@RoxyRawson,x,South Sudan,2026-06-30,2026-06-30,2
@RtSpeakerjnp,x,South Sudan,2026-07-25,2026-07-25,2
@Rube_Mfalme,x,Kenya,2026-08-14,2026-08-14,3
@Rugusuki,x,South Sudan,2026-07-21,2026-07-21,2
@RunEmDownDizz,x,Somalia,2026-03-19,2026-03-19,2
@RunningAfrica__,x,South Sudan,2026-07-02,2026-07-02,2
@RuqiaBotan,x,Somalia,2026-06-11,2026-06-11,2
@Russia14_Gft,x,South Sudan,2026-08-11,2026-08-11,3
@Rwanda64773B,x,Kenya,2026-06-17,2026-06-17,2
@RwandaMoD,x,South Sudan,2026-06-05,2026-07-06,5
@SAYO_MBA,x,Kenya,2026-06-29,2026-06-29,2
@SAfmRadio,x,South Sudan,2026-07-13,2026-07-13,3
@SEVENFAN545,x,South Sudan,2026-07-08,2026-07-08,2
@SIRAGUK,x,Somalia,2026-06-25,2026-06-25,2
@SMSSomaliTV1,x,Somalia,2026-06-11,2026-06-25,125
@SNAForce,x,Somalia,2026-06-14,2026-06-14,2
@SNMKIDS,x,Somalia,2026-06-11,2026-06-11,2
@SOASalumni,x,South Sudan,2026-07-16,2026-07-16,2
@SOM8400,x,Somalia,2026-06-18,2026-06-20,5
@SONNALIVE,x,South Sudan,2026-04-18,2026-07-09,21
@SONSA_NSA,x,Somalia,2026-06-19,2026-06-19,2
@SOSDISPATCHH,x,Somalia,2026-06-25,2026-06-25,2
@SSGglobal,x,South Sudan,2026-03-24,2026-08-12,157
@SS_EquityBank,x,South Sudan,2026-07-09,2026-07-31,8
@SUPERSOMALI252,x,Somalia,2026-04-18,2026-06-19,11
@S_Ali0011,x,Somalia,2026-04-24,2026-06-18,18
@S_Waweru,x,Kenya,2026-07-10,2026-07-10,2
@SaadAbedine,x,South Sudan,2026-08-11,2026-08-11,4
@SaadaqMohamed,x,Somalia,2026-04-22,2026-08-17,35
@SadaqaWelfare,x,South Sudan,2026-07-25,2026-07-25,2
@Sadiq4555,x,Somalia,2026-09-01,2026-09-01,2
@SaedMohamu58712,x,Somalia,2026-07-23,2026-07-23,3
@Saeed_JSL,x,Somalia,2026-05-18,2026-07-27,9
@Safawidme,x,Somalia,2026-06-17,2026-06-17,4
@SafiaYasin,x,Somalia,2026-06-26,2026-06-29,10
@SaharaWire,x,South Sudan,2026-04-16,2026-04-16,2
@SalafiAudioULTD,x,Somalia,2026-06-20,2026-06-20,3
@SalahJama,x,Somalia,2026-06-17,2026-06-17,2
@SalutRn,x,Kenya,2026-05-22,2026-07-17,5
@Samaalenim0,x,Somalia,2026-09-07,2026-09-07,3
@Samaritan19760,x,Somalia,2026-07-08,2026-07-08,6
@SamaritansPurse,x,South Sudan,2026-06-21,2026-06-21,3
@Samioweb,x,Somalia,2026-06-22,2026-06-22,3
@SamjLondon,x,South Sudan,2026-04-22,2026-04-22,2
@SamuelKisika,x,South Sudan,2026-06-28,2026-06-28,2
@Samuelchoulruai,x,South Sudan,2026-07-11,2026-07-11,2
@SankaraDispatch,x,South Sudan,2026-06-12,2026-07-06,7
@SankarasLawyer,x,Kenya,2026-04-18,2026-04-19,4
@Sanny_Zyto,x,South Sudan,2026-08-29,2026-08-29,3
@Sapayian,x,South Sudan,2026-06-09,2026-06-09,2
@SarafadeenFaruk,x,South Sudan,2026-03-29,2026-03-29,4
@SashaAlAwsa,x,South Sudan,2026-07-31,2026-07-31,3
@Sassafrass_84,x,Somalia,2026-06-22,2026-06-22,2
@Sativa255,x,Kenya,2026-06-19,2026-06-19,3
@SaveLGBTQ40,x,South Sudan,2026-07-05,2026-07-05,6
@SaveSJarrah,x,South Sudan,2026-04-30,2026-04-30,2
@Seattle681932,x,South Sudan,2026-07-05,2026-07-05,3
@SecurexEA,x,Kenya,2026-03-19,2026-03-19,2
@Seermoh,x,Somalia,2026-08-23,2026-08-23,7
@SemaKatta,x,South Sudan,2026-07-12,2026-07-12,3
@Semaneh2,x,South Sudan,2026-07-16,2026-07-16,3
@SeongYeol77,x,South Sudan,2026-06-25,2026-06-25,2
@SeraGaid,x,Somalia,2026-06-22,2026-06-22,3
@Sfufuza_,x,Somalia,2026-06-22,2026-06-22,4
@ShababLe,x,South Sudan,2026-07-31,2026-07-31,3
@ShabelleMedia,x,Somalia,2026-06-11,2026-06-17,6
@ShadowIND_IN,x,South Sudan,2026-06-26,2026-06-26,3
@ShafHlal86524,x,Somalia,2026-09-04,2026-09-04,2
@Shannon45531518,x,South Sudan,2026-08-01,2026-08-01,2
@ShantaShambara,x,Somalia,2026-03-27,2026-03-27,4
@SharonKyomugis2,x,South Sudan,2026-07-27,2026-07-27,2
@SheiknorQassim,x,Somalia,2026-06-16,2026-06-16,2
@Sheila_Etemesi,x,South Sudan,2026-08-07,2026-08-07,3
@SheldrickTrust,x,Kenya,2026-06-22,2026-06-22,2
@Sheryllisa52263,x,South Sudan,2026-06-10,2026-06-10,3
@ShimonAine,x,South Sudan,2026-06-27,2026-06-27,2
@Shuaib100x,x,Somalia,2026-08-25,2026-08-25,2
@SiasaMaisha2030,x,Kenya,2026-08-24,2026-08-24,2
@SiciidGuuled1,x,Somalia,2026-06-24,2026-06-24,3
@Siimiike_,x,Kenya,2026-06-22,2026-06-22,2
@Sila_Kasee,x,Kenya,2026-09-06,2026-09-06,3
@Silsilad4,x,Somalia,2026-06-21,2026-06-21,2
@SimonMuasya5,x,Kenya,2026-04-22,2026-04-22,4
@SingoeiAKorir,x,South Sudan,2026-07-08,2026-07-10,4
@Sirokumu_,x,Kenya,2026-06-19,2026-06-19,2
@Sistaliano,x,South Sudan,2026-08-29,2026-08-29,2
@SnohrSd,x,South Sudan,2026-03-29,2026-04-28,5
@SoDMA_Somalia,x,Somalia,2026-06-21,2026-06-21,2
@SokoAnalyst,x,South Sudan,2026-07-11,2026-07-11,2
@Solidarites_Int,x,South Sudan,2026-06-20,2026-06-20,2
@SolidaritySS,x,South Sudan,2026-07-03,2026-07-18,8
@Somaalilanders,x,Somalia,2026-05-21,2026-05-21,2
@Somali1and,x,Somalia,2026-03-30,2026-06-18,5
@SomaliAthlete,x,Somalia,2026-06-11,2026-06-19,14
@SomaliGuardian,x,Somalia,2026-06-04,2026-06-22,9
@SomaliOverwatch,x,Somalia,2026-06-20,2026-06-20,3
@SomaliSasuke,x,Somalia,2026-06-18,2026-06-21,6
@SomaliaToday24,x,Somalia,2026-06-27,2026-06-27,2
@Somalia_NIHRC,x,Somalia,2026-06-23,2026-06-23,2
@SomaliainKenya,x,Somalia,2026-06-17,2026-06-17,2
@SomaliainTurkey,x,Somalia,2026-06-10,2026-06-17,4
@Somalieye122,x,Somalia,2026-06-16,2026-06-23,22
@Somalijobs,x,Somalia,2026-04-20,2026-09-05,23
@Somalimois1,x,Somalia,2026-03-19,2026-04-30,17
@SomalisVoices,x,Somalia,2026-06-11,2026-08-06,7
@Sonwa945,x,South Sudan,2026-06-13,2026-06-13,2
@SooyaalKaabe,x,Somalia,2026-06-21,2026-06-21,2
@SouthSudan24_,x,South Sudan,2026-03-19,2026-04-22,24
@SouthSudanAds,x,South Sudan,2026-06-20,2026-08-13,32
@SouthSudanGov,x,South Sudan,2026-06-14,2026-08-06,129
@SpiceyBits,x,Somalia,2026-06-21,2026-06-21,2
@SpokespersonGoK,x,Kenya,2026-08-18,2026-08-18,3
@Sports_HunterSS,x,South Sudan,2026-08-02,2026-08-03,4
@Spraggapromo,x,South Sudan,2026-07-09,2026-07-09,2
@SsirNixoNdugire,x,Kenya,2026-08-20,2026-08-20,2
@StandardKenya,x,Kenya,2026-03-27,2026-08-04,18
@StarboyKE_,x,Kenya,2026-05-25,2026-05-25,2
@StateHouseJ1,x,South Sudan,2026-06-20,2026-09-02,53
@StatiSense,x,South Sudan,2026-06-26,2026-08-11,15
@StimsonCenter,x,South Sudan,2026-07-13,2026-07-13,2
@SuChit42701020,x,South Sudan,2026-05-23,2026-05-23,2
@Suaadomer1,x,Somalia,2026-07-24,2026-07-24,2
@SudanHorizon,x,South Sudan,2026-07-13,2026-08-10,6
@SudanTribune_EN,x,South Sudan,2026-07-14,2026-08-08,10
@Sudan_tweet,x,South Sudan,2026-07-09,2026-07-09,3
@SudaneseCulture,x,South Sudan,2026-04-28,2026-04-28,2
@SudaneseEcho,x,South Sudan,2026-06-25,2026-07-30,16
@SudansPost,x,South Sudan,2026-03-22,2026-09-01,23
@Sufiilwaad,x,Somalia,2026-04-23,2026-04-23,5
@SuldanMohamed_,x,South Sudan,2026-06-11,2026-06-18,4
@Suleiman_B1,x,Somalia,2026-03-22,2026-03-22,6
@Supreme____Beef,x,South Sudan,2026-06-30,2026-06-30,2
@Sura_common,x,Kenya,2026-06-22,2026-06-22,2
@Suriyakmaps,x,South Sudan,2026-03-26,2026-03-27,6
@SuspectSole67,x,Somalia,2026-06-21,2026-06-21,2
@SuunaKing_James,x,South Sudan,2026-04-16,2026-07-13,4
@SwissAddisAbaba,x,South Sudan,2026-08-02,2026-08-02,2
@SynastryExpert,x,South Sudan,2026-07-12,2026-07-12,3
@TC_Africa,x,South Sudan,2026-06-25,2026-06-25,2
@TGEThGlobalEye,x,South Sudan,2026-08-11,2026-08-11,6
@THEDOTNATION1,x,South Sudan,2026-07-23,2026-07-23,3
@TOKCityOfLights,x,South Sudan,2026-07-07,2026-07-07,3
@TRCSouthSudan,x,South Sudan,2026-03-24,2026-08-27,6
@TRTWorldNow,x,South Sudan,2026-07-28,2026-07-28,3
@TadeoWiz43494,x,South Sudan,2026-06-30,2026-06-30,3
@Talkless_much,x,Kenya,2026-08-20,2026-08-20,2
@Tasis_sfa,x,South Sudan,2026-04-22,2026-04-23,6
@Tee_k_YNB,x,South Sudan,2026-08-03,2026-08-03,3
@TexanTrad,x,South Sudan,2026-07-04,2026-07-04,3
@TheAfricaReport,x,South Sudan,2026-07-10,2026-07-10,3
@TheDailySomalia,x,Somalia,2026-06-23,2026-06-23,3
@TheDebunkShow,x,South Sudan,2026-07-08,2026-07-08,3
@TheDream101_,x,Somalia,2026-03-18,2026-03-28,67
@TheDrillDown1,x,Somalia,2026-06-19,2026-06-19,3
@TheEconomist,x,South Sudan,2026-07-14,2026-07-14,2
@TheFishProf,x,South Sudan,2026-03-26,2026-03-26,4
@TheIEK,x,Kenya,2026-04-16,2026-04-16,2
@TheLegalMindset,x,Somalia,2026-06-11,2026-06-11,2
@ThePoint2Day,x,South Sudan,2026-07-11,2026-07-11,2
@ThePresidentUg,x,South Sudan,2026-04-25,2026-04-25,4
@TheRealWalankov,x,Somalia,2026-06-19,2026-06-19,2
@TheStarKenya,x,Kenya,2026-03-19,2026-06-20,7
@TheTNHoller,x,Somalia,2026-06-11,2026-06-11,2
@TheYorubaTimes,x,South Sudan,2026-06-14,2026-06-14,2
@The_EastAfrican,x,South Sudan,2026-03-29,2026-07-26,13
@Theeculture_man,x,Kenya,2026-04-16,2026-04-16,3
@TherealUGman,x,South Sudan,2026-08-05,2026-08-05,3
@Thomaschacha254,x,Kenya,2026-07-02,2026-07-03,4
@Thommunkondya,x,South Sudan,2026-07-20,2026-07-20,2
@TimKipchumba,x,Kenya,2026-06-22,2026-06-22,2
@TimesLIVE,x,Kenya,2026-07-30,2026-07-30,2
@TimesSportRW,x,South Sudan,2026-08-08,2026-08-08,3
@TimoOlkkonen,x,South Sudan,2026-07-28,2026-07-28,2
@Tironianae,x,Somalia,2026-06-21,2026-06-23,10
@Tkyule17,x,Kenya,2026-04-30,2026-04-30,2
@TouailatNaoufal,x,South Sudan,2026-07-13,2026-07-13,2
@TradeMarkAfrica,x,South Sudan,2026-06-18,2026-06-23,4
@TravelGoC,x,South Sudan,2026-07-14,2026-07-14,2
@TravelGov,x,South Sudan,2026-07-16,2026-07-16,3
@TrendforPerth,x,South Sudan,2026-07-19,2026-07-19,3
@TrendforSanta,x,South Sudan,2026-07-20,2026-07-20,4
@TrentWa52026329,x,Somalia,2026-06-20,2026-06-20,3
@TrillUganda,x,Kenya,2026-07-06,2026-08-27,4
@Trumpusa1A1,x,South Sudan,2026-06-22,2026-07-31,7
@TruthFairy131,x,South Sudan,2026-06-20,2026-06-20,2
@Tuko_co_ke,x,Kenya,2026-04-24,2026-07-25,4
@Tuuryare_Africa,x,Somalia,2026-06-19,2026-06-19,2
@Tyrant_Qhan,x,South Sudan,2026-08-06,2026-08-06,3
@UCC_ED,x,South Sudan,2026-07-28,2026-07-28,2
@UDAKenya,x,South Sudan,2026-06-17,2026-07-23,6
@UDAPartyKe,x,Kenya,2026-04-30,2026-04-30,2
@UGDiplomat,x,South Sudan,2026-08-02,2026-08-02,2
@UGHistory256,x,South Sudan,2026-07-16,2026-08-10,5
@UGIndependent,x,South Sudan,2026-07-16,2026-07-16,3
@UGSP2,x,Somalia,2026-06-25,2026-08-17,6
@UN,x,South Sudan,2026-07-27,2026-07-27,2
@UNESCO,x,South Sudan,2026-07-29,2026-07-29,3
@UNFPASouthSudan,x,South Sudan,2026-07-01,2026-08-13,7
@UNGeneva,x,South Sudan,2026-07-25,2026-07-25,3
@UNHCREthiopia,x,South Sudan,2026-08-04,2026-08-04,2
@UNHCRInnovation,x,South Sudan,2026-08-05,2026-08-05,3
@UNHCRWestAfrica,x,South Sudan,2026-06-25,2026-06-25,2
@UNICEFAfrica,x,South Sudan,2026-07-12,2026-08-02,5
@UNOCHA,x,South Sudan,2026-07-21,2026-08-04,7
@UNOCHA_ROSEA,x,South Sudan,2026-04-24,2026-08-21,6
@UNOPS,x,South Sudan,2026-06-19,2026-06-19,2
@UNOPSSouthSudan,x,South Sudan,2026-04-25,2026-06-30,13
@UN_News_Centre,x,South Sudan,2026-04-19,2026-07-24,7
@UN_SouthSudan,x,South Sudan,2026-08-06,2026-08-06,3
@US_AU,x,South Sudan,2026-06-25,2026-06-25,2
@US_SrAdvisorAF,x,Kenya,2026-06-10,2026-06-10,2
@U_WildSafaris,x,South Sudan,2026-07-08,2026-07-08,2
@UbuntuRadioZA,x,South Sudan,2026-07-06,2026-07-07,5
@UdubkaSomalia,x,Somalia,2026-08-28,2026-08-28,2
@UgandaMFA,x,South Sudan,2026-07-24,2026-07-25,5
@Uganda_Expozed,x,South Sudan,2026-06-18,2026-08-07,5
@UgandanMind,x,South Sudan,2026-07-21,2026-07-21,2
@Ugeniaconso,x,Kenya,2026-07-21,2026-07-21,2
@UnescoJuba,x,South Sudan,2026-07-16,2026-07-16,2
@Uplink_Africa,x,South Sudan,2026-07-18,2026-07-18,3
@UserFrom1998,x,Somalia,2026-04-26,2026-07-07,10
@UzalendoNews_KE,x,Kenya,2026-07-14,2026-07-26,5
@VGM07513216,x,Kenya,2026-07-18,2026-07-18,2
@VOLTOXf,x,South Sudan,2026-08-05,2026-08-05,3
@VOMC,x,South Sudan,2026-07-24,2026-07-31,5
@Vibedaraz,x,South Sudan,2026-07-18,2026-07-18,3
@VictorGithumbi,x,Kenya,2026-06-25,2026-08-11,13
@ViktorAttorney,x,South Sudan,2026-08-10,2026-08-10,2
@Vilma07,x,South Sudan,2026-03-27,2026-03-28,19
@VirahForexUg,x,South Sudan,2026-07-18,2026-07-18,2
@ViralTeaKe,x,Kenya,2026-03-19,2026-03-19,3
@Vitalis_Ngoka,x,Kenya,2026-04-25,2026-04-26,12
@VjTeddyie,x,Kenya,2026-06-27,2026-06-27,2
@Vladimi11218155,x,Kenya,2026-04-27,2026-04-28,9
@VloggerCalcutta,x,South Sudan,2026-07-12,2026-07-12,2
@Voice_Roy,x,Kenya,2026-04-22,2026-04-22,2
@VoiceofHorn,x,South Sudan,2026-07-17,2026-07-17,3
@VoiceofLifeFM,x,South Sudan,2026-08-05,2026-08-05,2
@VorontsovBohdan,x,South Sudan,2026-07-24,2026-07-24,2
@Vostee_254,x,South Sudan,2026-06-29,2026-06-29,2
@VuukaFM,x,Kenya,2026-07-10,2026-08-28,18
@WDSomUnity,x,Somalia,2026-06-19,2026-06-23,7
@WEdwarda,x,Somalia,2026-06-18,2026-06-18,3
@WFPVAM,x,South Sudan,2026-08-07,2026-08-07,3
@WFP_Ethiopia,x,South Sudan,2026-07-14,2026-07-14,3
@WFP_SouthSudan,x,South Sudan,2026-07-02,2026-08-08,28
@WHLeavitt,x,Somalia,2026-06-22,2026-06-24,6
@WHOSouthSudan,x,South Sudan,2026-06-05,2026-08-13,57
@WLFIworldArmy,x,South Sudan,2026-08-06,2026-08-06,3
@WMutunga,x,Kenya,2026-04-23,2026-04-24,12
@WVSouthSudan,x,South Sudan,2026-06-16,2026-07-29,9
@WaMyongi,x,Kenya,2026-07-15,2026-07-15,2
@WaNduta8,x,Kenya,2026-04-17,2026-06-08,77
@Waceke_b,x,Kenya,2026-06-18,2026-06-18,3
@WajingaFinder,x,Kenya,2026-04-21,2026-04-21,2
@WakavinyeThick,x,Kenya,2026-08-21,2026-08-21,2
@WallStreetApes,x,Somalia,2026-06-17,2026-06-17,3
@WamahigaN,x,Kenya,2026-03-26,2026-08-31,33
@Wamathai,x,Kenya,2026-04-26,2026-04-26,2
@Wambuib4sky,x,Kenya,2026-08-10,2026-08-10,4
@WanderNWoodsman,x,South Sudan,2026-04-30,2026-04-30,2
@Wangariiii_,x,Kenya,2026-08-03,2026-08-03,4
@WaniMichael57,x,South Sudan,2026-07-17,2026-08-07,16
@WanjeriNderu,x,Kenya,2026-06-27,2026-06-27,2
@War__Alerts,x,South Sudan,2026-07-11,2026-07-11,2
@WavamunoBenon,x,Kenya,2026-04-30,2026-04-30,2
@WeAreCanProud,x,Somalia,2026-06-10,2026-06-10,3
@WeAreCohere_Org,x,South Sudan,2026-07-25,2026-07-25,3
@WeThePeopleMvt,x,Kenya,2026-06-11,2026-06-11,3
@Weeleey6,x,Kenya,2026-06-22,2026-06-22,2
@WeeloWillis,x,Kenya,2026-08-03,2026-08-10,5
@WejdanAAbdurah1,x,Somalia,2026-04-22,2026-04-22,2
@WelcomeTheGulag,x,Kenya,2026-06-18,2026-06-18,3
@WendyStone777,x,Somalia,2026-04-18,2026-04-18,2
@WhatEHappened,x,Kenya,2026-03-20,2026-03-20,2
@WilexGmbH,x,South Sudan,2026-07-10,2026-07-10,2
@WilliamsRuto,x,Kenya,2026-06-05,2026-06-23,10
@WillieOeba,x,Kenya,2026-06-11,2026-06-11,2
@WlLDSUN,x,South Sudan,2026-07-10,2026-07-10,2
@Woodcoffie56,x,South Sudan,2026-07-12,2026-07-12,4
@World_Insights1,x,South Sudan,2026-06-29,2026-08-02,6
@WuodAchieng_,x,Kenya,2026-06-02,2026-06-02,3
@WycOdiwuor,x,Kenya,2026-08-08,2026-08-08,4
@Wycliffe_Otie,x,Kenya,2026-09-01,2026-09-01,2
@XirsiJJ99,x,South Sudan,2026-06-17,2026-07-19,4
@Xjabaari,x,Somalia,2026-08-09,2026-08-09,2
@Xstream_Weather,x,Somalia,2026-06-21,2026-06-21,2
@YaKoitalel,x,Kenya,2026-03-27,2026-03-27,2
@YachtLifeRadio,x,South Sudan,2026-07-13,2026-07-13,3
@Yaisgarey,x,Somalia,2026-08-27,2026-09-05,7
@Yaska74750972,x,Somalia,2026-08-12,2026-08-23,10
@YellowbetKenya,x,Kenya,2026-06-17,2026-06-17,2
@Yonijoni3,x,South Sudan,2026-07-12,2026-07-12,2
@YonisYasin1,x,Somalia,2026-04-21,2026-06-18,10
@Young_Pharmacie,x,Kenya,2026-04-24,2026-04-30,4
@YukonEvents,x,South Sudan,2026-04-17,2026-04-17,2
@Yurusremoacol,x,South Sudan,2026-08-12,2026-08-12,3
@YusuphBonito1,x,Kenya,2026-08-02,2026-08-02,2
@Yutuber740851Yu,x,Somalia,2026-05-30,2026-05-30,3
@YvesIrishura,x,South Sudan,2026-07-23,2026-07-23,2
@ZacEnya,x,Kenya,2026-07-13,2026-07-13,2
@ZakxMutugi,x,Kenya,2026-07-28,2026-07-28,2
@Zar_43,x,Somalia,2026-04-24,2026-04-24,7
@ZelenskyyUa,x,Kenya,2026-06-17,2026-06-17,2
@Zemedeneh,x,South Sudan,2026-07-07,2026-07-07,2
@Zone5volleyball,x,South Sudan,2026-06-28,2026-06-28,2
@_A_khalifa,x,Somalia,2026-04-17,2026-04-17,2
@_AfricanUnion,x,South Sudan,2026-06-25,2026-07-30,5
@_BellaM_,x,South Sudan,2026-06-16,2026-06-16,2
@_Dayspuff,x,Kenya,2026-04-30,2026-04-30,3
@_Foi_T,x,South Sudan,2026-04-21,2026-04-22,6
@_James041,x,Kenya,2026-06-06,2026-08-29,8
@_Jumain1,x,South Sudan,2026-06-27,2026-06-27,3
@_KithureKindiki,x,Kenya,2026-03-22,2026-06-24,5
@_SMPgroup_,x,South Sudan,2026-07-27,2026-07-27,3
@_Sakko,x,Kenya,2026-08-05,2026-08-05,2
@_TsPaige,x,Kenya,2026-07-03,2026-07-03,2
@__mohamod,x,Somalia,2026-04-23,2026-04-23,2
@_africabusiness,x,South Sudan,2026-07-23,2026-07-23,3
@_feloh_,x,Kenya,2026-06-24,2026-06-24,2
@_gumba1,x,Kenya,2026-04-21,2026-04-22,6
@_jambaqaSnr,x,Kenya,2026-07-30,2026-07-30,3
@_mister_evans,x,Kenya,2026-06-03,2026-06-03,4
@_mutu_a,x,Kenya,2026-04-16,2026-04-16,2
@_s_h_e_j_i_,x,Kenya,2026-08-22,2026-08-22,4
@_vibes001,x,Kenya,2026-07-03,2026-07-03,3
@_zoey_y,x,Kenya,2026-08-15,2026-08-15,2
@a_mzalendo,x,Kenya,2026-06-19,2026-06-19,3
@aaboom16,x,Somalia,2026-06-24,2026-06-24,4
@ababacarDoucou4,x,Kenya,2026-06-17,2026-06-17,2
@abbiezuena,x,Kenya,2026-06-23,2026-06-23,3
@abdiqani1998,x,Somalia,2026-06-17,2026-06-17,2
@abdu,x,South Sudan,2026-07-28,2026-07-28,3
@abduljibbar,x,Somalia,2026-04-18,2026-04-18,3
@abino11,x,South Sudan,2026-04-27,2026-04-27,4
@abubakersada,x,South Sudan,2026-08-11,2026-08-11,2
@abuga_makori,x,Kenya,2026-04-23,2026-04-23,3
@aceadda,x,South Sudan,2026-06-11,2026-07-11,14
@aciafricanews,x,South Sudan,2026-06-24,2026-07-31,10
@actionaiduganda,x,Kenya,2026-07-07,2026-07-07,2
@adalhistory,tiktok,Somalia,2026-07-27,2026-07-27,2
@adalitesultan,x,Somalia,2026-06-18,2026-07-25,32
@addisstandard,x,South Sudan,2026-06-19,2026-08-09,10
@adija_deng,x,South Sudan,2026-08-02,2026-08-02,3
@adongkun29,x,South Sudan,2026-04-28,2026-04-28,2
@aenewsEnglish24,x,South Sudan,2026-08-05,2026-08-05,2
@afric_insde,x,South Sudan,2026-06-17,2026-08-12,5
@africads_ads,x,South Sudan,2026-08-22,2026-09-04,6
@africangirlu5rn,x,South Sudan,2026-07-16,2026-07-16,3
@africatodayMG,x,South Sudan,2026-04-19,2026-07-24,11
@agaraad,x,Somalia,2026-06-18,2026-06-18,2
@ahmdothmanahmd,x,South Sudan,2026-08-12,2026-08-12,3
@ahmedali1928274,x,Somalia,2026-04-27,2026-04-28,7
@ahmednasirlaw,x,Kenya,2026-04-22,2026-07-29,8
@ajama105,x,Kenya,2026-06-22,2026-06-22,2
@ajongo2000,x,South Sudan,2026-07-27,2026-07-27,4
@ajosephstyl3,x,South Sudan,2026-06-06,2026-06-06,2
@akech_andrew,x,South Sudan,2026-06-05,2026-08-01,19
@akibaru,x,Kenya,2026-06-21,2026-06-22,4
@al_thonie,x,South Sudan,2026-08-09,2026-08-09,3
@ali_noorani_teh,x,South Sudan,2026-04-30,2026-04-30,2
@alicenttury,x,South Sudan,2026-08-08,2026-08-08,2
@alii_haaji,tiktok,Somalia,2026-03-23,2026-03-28,5
@alivali67044,x,South Sudan,2026-08-07,2026-08-07,2
@allaboutfdm,tiktok,Somalia,2026-05-30,2026-05-30,2
@alryamyshyl,x,Somalia,2026-05-18,2026-05-18,2
@alzaidvictor,x,South Sudan,2026-07-28,2026-07-28,3
@amathyoom,x,South Sudan,2026-08-12,2026-08-12,2
@amdissmedia,x,South Sudan,2026-07-23,2026-08-11,7
@aminuhs,x,South Sudan,2026-07-11,2026-07-11,2
@amisinput,x,Somalia,2026-06-19,2026-09-06,7
@amnesty_zim,x,South Sudan,2026-04-16,2026-04-16,2
@amthetherapy,x,Kenya,2026-06-21,2026-06-21,2
@amuguneAG,x,South Sudan,2026-08-12,2026-08-12,3
@animuathiei,x,South Sudan,2026-08-02,2026-08-02,2
@ankurwriter,x,South Sudan,2026-04-26,2026-04-26,4
@aphu41,x,Somalia,2026-06-20,2026-06-20,3
@apocalypseos,x,South Sudan,2026-08-02,2026-08-02,3
@appbannan,x,Somalia,2026-06-18,2026-06-18,2
@applesaidaaaa,x,Somalia,2026-06-16,2026-06-16,2
@arawelo_chaos,x,Somalia,2026-07-07,2026-08-21,5
@archeohistories,x,South Sudan,2026-06-10,2026-06-10,2
@archer_rss,x,South Sudan,2026-08-18,2026-08-20,6
@arteta2giroud,x,Kenya,2026-04-16,2026-04-17,6
@aseelswaid9,x,South Sudan,2026-07-01,2026-07-01,3
@astridstort,x,South Sudan,2026-07-29,2026-07-29,2
@au_ied,x,South Sudan,2026-07-10,2026-07-10,2
@awduula,x,Somalia,2026-06-25,2026-06-25,4
@ayuen_mabior2,x,South Sudan,2026-07-01,2026-07-22,6
@baatigirl,x,Somalia,2026-06-16,2026-06-16,2
@bajo2017,x,South Sudan,2026-08-07,2026-08-07,2
@baltostar,x,South Sudan,2026-07-27,2026-07-27,3
@bananaig1a,x,South Sudan,2026-08-11,2026-08-11,3
@barrack_gumba,x,Kenya,2026-07-08,2026-07-08,2
@bbcworldservice,x,South Sudan,2026-07-11,2026-07-11,2
@bbgoriginals,x,South Sudan,2026-07-11,2026-08-03,5
@bbkigalifm,x,Kenya,2026-04-17,2026-04-17,2
@bbstvug,x,South Sudan,2026-06-16,2026-06-16,2
@benbabunga,x,Kenya,2026-04-24,2026-04-24,2
@bennyjohnson,x,South Sudan,2026-08-09,2026-08-09,2
@bhaskar_author,x,South Sudan,2026-07-20,2026-07-20,3
@billgoldwater,x,South Sudan,2026-07-28,2026-07-28,2
@biznakenya,x,South Sudan,2026-07-17,2026-07-17,2
@bkknewskenyatv,x,Kenya,2026-07-25,2026-07-25,2
@blindfootball_s,x,South Sudan,2026-07-02,2026-07-02,2
@bm1981S,x,Somalia,2026-04-25,2026-04-26,10
@bmcarthur20,x,South Sudan,2026-07-27,2026-07-27,4
@bodbode89,x,Somalia,2026-06-22,2026-06-22,4
@bonifacemwangi,x,South Sudan,2026-06-19,2026-08-10,4
@bozgabi,x,Kenya,2026-03-27,2026-03-27,2
@brahimNassir1,x,South Sudan,2026-08-11,2026-08-11,3
@bramsmdn,x,South Sudan,2026-08-03,2026-08-03,2
@breadieRL,x,South Sudan,2026-07-16,2026-07-16,2
@briansureobino,x,Kenya,2026-04-23,2026-04-24,4
@britflowz,x,South Sudan,2026-07-02,2026-07-02,2
@britmatters,x,South Sudan,2026-07-08,2026-07-08,2
@brotherwacu,x,Kenya,2026-08-12,2026-08-12,3
@brownlandnews,x,South Sudan,2026-07-04,2026-07-04,3
@btcnairobi,x,South Sudan,2026-07-05,2026-07-13,7
@bubbagp4,x,South Sudan,2026-04-21,2026-04-22,6
@bungomaduke,x,Kenya,2026-07-20,2026-09-07,8
@burner_jdub,x,Somalia,2026-06-22,2026-06-22,2
@business,x,South Sudan,2026-07-01,2026-07-08,4
@businge_akiiki,x,South Sudan,2026-07-21,2026-07-21,3
@bxanam,x,Somalia,2026-04-20,2026-04-20,4
@by_Moseti,x,Kenya,2026-08-04,2026-08-04,2
@cbs_ke,x,South Sudan,2026-03-19,2026-08-06,8
@cean_avo39737,x,South Sudan,2026-04-26,2026-04-26,12
@ceepee07,x,South Sudan,2026-08-02,2026-08-02,3
@celiesere,x,Somalia,2026-06-18,2026-06-18,5
@cgtnafrica,x,South Sudan,2026-07-06,2026-08-09,30
@channelafrica1,x,South Sudan,2026-07-07,2026-08-05,10
@cheruiyotbonif1,x,South Sudan,2026-07-20,2026-07-20,3
@choljoey,x,South Sudan,2026-04-25,2026-04-26,6
@ciiramaina,x,Kenya,2026-05-30,2026-05-30,2
@citizentvkenya,x,Kenya,2026-03-27,2026-08-18,216
@classysabr2,x,Somalia,2026-06-12,2026-06-12,2
@clement_molin,x,South Sudan,2026-04-16,2026-07-26,5
@clipfront,x,South Sudan,2026-07-29,2026-07-29,5
@clive_D_vibe,x,South Sudan,2026-07-13,2026-07-13,2
@cobbo3,x,South Sudan,2026-06-05,2026-06-05,2
@collinsjohari,x,Kenya,2026-03-23,2026-03-23,2
@contra_press,x,Kenya,2026-06-11,2026-06-11,3
@coopbankss,x,South Sudan,2026-07-25,2026-08-02,4
@copperskin722,x,South Sudan,2026-03-22,2026-07-31,5
@critic_smart,x,South Sudan,2026-08-04,2026-08-04,3
@criticalthreats,x,Somalia,2026-06-04,2026-06-24,5
@cromaera,x,South Sudan,2026-08-27,2026-08-27,2
@crystalkeyl,x,South Sudan,2026-06-29,2026-06-29,3
@cunayee,x,Somalia,2026-08-29,2026-08-29,2
@curlyaram,x,Somalia,2026-06-20,2026-09-05,8
@d9CeGuy,x,South Sudan,2026-07-16,2026-07-16,2
@dailypost_ke,x,Kenya,2026-04-24,2026-06-21,17
@dailysportsug,x,South Sudan,2026-07-29,2026-07-29,2
@daphyso,x,Kenya,2026-06-19,2026-06-19,2
@darknomad770,x,Somalia,2026-04-30,2026-04-30,2
@darkvdred,x,South Sudan,2026-07-04,2026-07-04,3
@dasieca7,x,Kenya,2026-04-20,2026-04-21,6
@data_globe,x,South Sudan,2026-07-29,2026-07-29,2
@davewst,x,Somalia,2026-05-18,2026-06-05,4
@david_kollal,x,Kenya,2026-04-26,2026-04-26,2
@de_journo,x,South Sudan,2026-08-03,2026-08-03,4
@deejaykalz_,x,South Sudan,2026-07-09,2026-07-09,2
@deetskmike,x,Kenya,2026-04-18,2026-04-18,2
@democracynow,x,Somalia,2026-06-11,2026-06-11,3
@deng_aguer92018,x,South Sudan,2026-07-09,2026-07-09,2
@dengbiar_,x,South Sudan,2026-06-30,2026-08-09,12
@dkmaraga,x,Kenya,2026-06-17,2026-06-20,6
@drhossamsamy65,x,South Sudan,2026-04-30,2026-06-23,4
@drmayadakamal2,x,South Sudan,2026-04-21,2026-04-21,2
@duncangutse,x,South Sudan,2026-07-19,2026-07-19,3
@dunia_work,x,Somalia,2026-08-01,2026-09-07,4
@duotkuerduot,x,South Sudan,2026-08-08,2026-08-08,3
@eajene,x,South Sudan,2026-06-27,2026-06-27,2
@east_facts,x,South Sudan,2026-08-03,2026-08-03,2
@eastafricatv,x,Kenya,2026-06-21,2026-06-21,2
@eclipsethis2003,x,South Sudan,2026-07-28,2026-07-28,2
@editerka8,tiktok,Somalia,2026-06-07,2026-06-07,2
@editionmv,x,South Sudan,2026-08-15,2026-08-15,2
@ejykmykel1,x,South Sudan,2026-03-27,2026-03-27,2
@ekulide23259,x,South Sudan,2026-07-05,2026-07-05,3
@elijahsumbeiywo,x,Kenya,2026-05-19,2026-06-02,9
@ellen_kampire_,x,South Sudan,2026-08-09,2026-08-09,3
@emzraw_,x,Somalia,2026-06-20,2026-06-20,4
@endrapeinwar,x,South Sudan,2026-07-01,2026-07-01,2
@engr_mayar,x,South Sudan,2026-06-29,2026-07-03,4
@ericnyaga,x,Kenya,2026-06-25,2026-06-25,2
@eternal_baldnes,x,South Sudan,2026-07-25,2026-08-07,4
@exmomentumss,x,South Sudan,2026-07-11,2026-07-11,2
@expertise43283,x,Kenya,2026-07-29,2026-07-29,2
@ezekiel_arol,x,South Sudan,2026-06-17,2026-07-26,23
@f421097057,x,South Sudan,2026-06-30,2026-06-30,2
@faatmaqqqqq1,tiktok,Somalia,2026-04-27,2026-04-27,2
@faeri3i,x,Somalia,2026-06-18,2026-07-18,5
@fahume,x,Somalia,2026-04-23,2026-04-23,2
@fairyycreation,x,Somalia,2026-06-22,2026-06-22,3
@farmajoostep,x,Somalia,2026-07-16,2026-07-17,8
@feltafrica,x,South Sudan,2026-08-11,2026-08-11,3
@filsanfilsan,x,Somalia,2026-06-22,2026-06-22,3
@fkeyamo,x,Kenya,2026-06-20,2026-06-20,3
@fokusplusafrika,x,Somalia,2026-06-21,2026-06-21,2
@francoboca,x,Kenya,2026-09-02,2026-09-02,3
@fredmungai,x,Kenya,2026-04-30,2026-04-30,2
@frontierism,x,South Sudan,2026-08-08,2026-08-08,2
@fudoe,x,South Sudan,2026-03-24,2026-03-25,4
@gacoguem,x,Kenya,2026-08-19,2026-08-19,2
@garaad2060,x,Somalia,2026-06-27,2026-06-27,2
@gelo_rico,x,Somalia,2026-07-07,2026-07-25,4
@generali_osumo,x,Kenya,2026-06-17,2026-06-17,2
@genzcongressKE,x,South Sudan,2026-08-07,2026-08-07,2
@genzinitiative,x,Kenya,2026-07-25,2026-07-25,2
@geoffreyyork,x,South Sudan,2026-08-09,2026-08-09,3
@geoo_______,x,Kenya,2026-04-22,2026-04-22,4
@george_weat,x,South Sudan,2026-07-31,2026-07-31,2
@georgeoketch12,x,South Sudan,2026-07-04,2026-07-31,5
@getxooged,x,Somalia,2026-04-27,2026-05-19,8
@ghanaboynie,x,South Sudan,2026-07-12,2026-07-30,9
@gidonsaar,x,South Sudan,2026-06-29,2026-06-29,2
@gingosamuel,x,South Sudan,2026-06-28,2026-08-12,75
@globalsouthinfo,x,South Sudan,2026-07-06,2026-07-06,2
@gomugoronomi,x,Somalia,2026-06-23,2026-06-23,2
@gov_wire,x,South Sudan,2026-07-07,2026-07-07,2
@grok,x,South Sudan,2026-03-20,2026-07-11,74
@gtfudan,x,Kenya,2026-07-29,2026-07-29,3
@guchman_,x,Kenya,2026-05-23,2026-05-23,2
@guiled2_gulaid,x,Somalia,2026-05-18,2026-05-18,2
@gwamaee,x,Kenya,2026-04-19,2026-06-22,4
@h_astrano,x,South Sudan,2026-06-26,2026-07-18,52
@haadka,x,South Sudan,2026-04-19,2026-07-23,5
@haggai_marande_,x,Kenya,2026-08-12,2026-08-12,2
@hagyballar,x,South Sudan,2026-07-22,2026-07-22,2
@hakanodirie,x,Somalia,2026-07-21,2026-07-28,5
@hakiim2014,x,Somalia,2026-06-18,2026-06-25,6
@hakunamatataltd,x,South Sudan,2026-07-21,2026-07-21,2
@halyey78,x,Somalia,2026-07-13,2026-07-13,4
@ham0ooz,x,Somalia,2026-04-16,2026-04-30,8
@hargeisa234,x,Somalia,2026-04-28,2026-08-01,6
@hargeisa_31,tiktok,Somalia,2026-08-05,2026-08-05,2
@hassandszf,x,Somalia,2026-05-17,2026-07-17,6
@hawa_omuya,tiktok,Somalia,2026-04-21,2026-04-21,2
@hiiraan,x,Somalia,2026-04-19,2026-09-01,25
@historical_Afr,x,South Sudan,2026-06-23,2026-08-10,11
@hivileo1,x,Kenya,2026-03-22,2026-08-31,38
@hnnsbnd,x,Kenya,2026-06-18,2026-06-18,2
@hrw,x,South Sudan,2026-07-08,2026-07-08,2
@hubs_mad11895,x,South Sudan,2026-08-10,2026-08-10,2
@husavia61225,x,Somalia,2026-06-21,2026-06-21,2
@i24NEWS_EN,x,South Sudan,2026-07-17,2026-07-17,3
@iFiddleDeeDee,x,Somalia,2026-06-16,2026-06-16,2
@iQwatson,x,South Sudan,2026-07-23,2026-07-23,2
@i_am_Abiodun_,x,Kenya,2026-06-22,2026-06-22,2
@i_am_wataka,x,South Sudan,2026-06-25,2026-06-25,2
@iamDevanshJain,x,South Sudan,2026-06-27,2026-06-27,2
@iamNeare,x,South Sudan,2026-08-04,2026-08-04,3
@iamchrisani,x,South Sudan,2026-07-01,2026-07-01,2
@ibrahimarbab106,x,South Sudan,2026-06-24,2026-08-11,19
@ibukun_afo73618,x,South Sudan,2026-08-02,2026-08-02,2
@iconcomicsffs,x,South Sudan,2026-07-16,2026-07-16,2
@idofoi,x,Kenya,2026-06-20,2026-06-20,2
@imanmali,x,Somalia,2026-06-23,2026-06-23,3
@inamakhtal,x,South Sudan,2026-04-22,2026-04-22,2
@info_blurbs,x,South Sudan,2026-08-07,2026-08-07,2
@infodexx,x,South Sudan,2026-06-28,2026-06-28,2
@inooroke,x,Kenya,2026-07-01,2026-08-14,5
@insidehorn247,x,South Sudan,2026-07-13,2026-07-13,3
@insider_der,x,South Sudan,2026-08-11,2026-08-11,4
@iqowdan,x,Somalia,2026-05-28,2026-05-28,2
@iregih,x,Kenya,2026-04-30,2026-04-30,2
@irevsdotco,x,South Sudan,2026-07-05,2026-07-05,3
@isaacBarak7,x,Kenya,2026-06-24,2026-06-24,2
@isangostar,x,South Sudan,2026-07-08,2026-07-08,2
@islaanTooLate,x,Somalia,2026-06-11,2026-06-19,5
@ithagu1,x,Kenya,2026-04-21,2026-04-21,2
@itsCrunchupdate,x,South Sudan,2026-03-19,2026-03-19,2
@itsRuhiii,x,South Sudan,2026-06-30,2026-06-30,2
@itsburberry22,x,Kenya,2026-04-20,2026-04-20,2
@j_jambaar92192,x,Somalia,2026-07-04,2026-07-04,2
@jaaamaa422,x,Somalia,2026-06-25,2026-06-25,3
@jamalamore,x,Somalia,2026-04-16,2026-07-28,17
@jami_lobo,x,South Sudan,2026-08-06,2026-08-06,2
@jaokojohnmark,x,Kenya,2026-06-21,2026-08-13,9
@jaycee_bball,x,South Sudan,2026-07-03,2026-07-03,3
@jaysabur,x,Somalia,2026-08-31,2026-08-31,2
@jennykanyiri,x,Kenya,2026-03-24,2026-08-31,26
@jeryynotom,x,Kenya,2026-08-17,2026-08-17,3
@jimNjue_,x,Kenya,2026-05-24,2026-07-26,13
@jlf_420,x,South Sudan,2026-06-30,2026-06-30,2
@jmuragengunjiri,x,Kenya,2026-06-11,2026-06-11,4
@johnnysosmally,x,Somalia,2026-06-20,2026-06-20,3
@jokush,x,Kenya,2026-04-28,2026-04-28,2
@jonospect,x,South Sudan,2026-07-12,2026-07-12,4
@joodari,x,Somalia,2026-04-27,2026-04-27,2
@josemamma,x,South Sudan,2026-04-21,2026-04-22,36
@juma_zach,x,South Sudan,2026-07-29,2026-08-02,7
@jumuiya,x,South Sudan,2026-07-10,2026-07-10,2
@junonewscom,x,Somalia,2026-06-11,2026-06-11,2
@junub90361,x,South Sudan,2026-07-25,2026-07-25,3
@junubtrans,x,South Sudan,2026-07-10,2026-07-10,2
@kGmudimba,x,Kenya,2026-05-22,2026-05-22,2
@kaafi_somali,tiktok,Somalia,2026-07-03,2026-09-05,14
@kahuro_sam,x,Kenya,2026-04-30,2026-04-30,4
@kakashikush94,x,Somalia,2026-04-26,2026-04-27,4
@kaldarnomadic,tiktok,Somalia,2026-07-30,2026-08-19,4
@kamauwaruhiu,x,Kenya,2026-04-27,2026-06-23,9
@kareema_darma,x,South Sudan,2026-03-30,2026-03-30,3
@kariukiNga80188,x,Kenya,2026-04-30,2026-04-30,2
@kazzie,x,Kenya,2026-07-14,2026-07-14,2
@ke_renaissance,x,Kenya,2026-05-20,2026-05-20,2
@kemigishazoey2,x,South Sudan,2026-07-28,2026-07-28,3
@kemukenya,x,Kenya,2026-07-12,2026-08-23,5
@kennethbarasa6,x,Kenya,2026-03-18,2026-03-18,2
@kenyaaxis,x,South Sudan,2026-08-11,2026-08-11,2
@kenyadecoded98,x,Kenya,2026-04-23,2026-04-23,2
@kenyanwalstreet,x,South Sudan,2026-04-19,2026-07-24,10
@kenyasgossips,x,Kenya,2026-06-11,2026-06-23,20
@keshi_ltd,x,Kenya,2026-04-21,2026-04-22,4
@khadiryare,x,Somalia,2026-06-17,2026-06-21,5
@khaj_nat,x,South Sudan,2026-06-23,2026-07-30,19
@khakis_vendor,x,Kenya,2026-08-28,2026-09-07,4
@khalilErigavo,x,Somalia,2026-06-11,2026-06-11,2
@kibe_tz,x,Kenya,2026-03-25,2026-06-04,20
@kibiki001,x,South Sudan,2026-07-01,2026-07-01,3
@kigalitoday,x,Kenya,2026-04-17,2026-04-17,2
@kigogo2014,x,Kenya,2026-07-05,2026-07-19,4
@kiirukamau_,x,Kenya,2026-08-06,2026-08-06,2
@kiizaeron,x,Kenya,2026-06-23,2026-06-23,3
@kijana_misa,x,Kenya,2026-04-17,2026-06-20,30
@kijanayakilungu,x,Kenya,2026-08-07,2026-08-28,4
@kilundeezy,x,Kenya,2026-08-07,2026-08-07,2
@kimosopmike1,x,Kenya,2026-04-27,2026-04-28,6
@kinard_trent,x,South Sudan,2026-07-17,2026-07-17,2
@kingethuk,x,Kenya,2026-04-19,2026-09-06,10
@kingmoss0,x,Somalia,2026-06-24,2026-06-24,2
@kingyoungwizzy,x,South Sudan,2026-06-25,2026-06-25,2
@kipkoecheruiyot,x,Kenya,2026-06-18,2026-06-18,2
@kiptoocheruyoit,x,Kenya,2026-04-20,2026-04-20,2
@kisiranisumbufu,x,Kenya,2026-07-28,2026-07-28,2
@klannykkk,x,Somalia,2026-06-10,2026-06-10,2
@klintoncod,x,Somalia,2026-06-11,2026-06-11,4
@knockdownshorty,x,South Sudan,2026-07-17,2026-07-17,2
@koang_b,x,South Sudan,2026-07-06,2026-07-16,4
@koreannovelist,x,South Sudan,2026-06-29,2026-06-29,2
@korirproperty,x,Kenya,2026-06-23,2026-06-23,2
@krrpraful,x,Kenya,2026-07-13,2026-07-29,50
@ktpressrwanda,x,South Sudan,2026-08-05,2026-08-05,3
@ktradiorw,x,Kenya,2026-04-17,2026-04-17,3
@kuchkon,x,South Sudan,2026-08-01,2026-08-01,3
@kuj0_princess,x,South Sudan,2026-08-06,2026-08-06,2
@kulahepi,x,Kenya,2026-07-29,2026-08-22,8
@kunguruu,x,Kenya,2026-03-26,2026-07-28,16
@kuria254k,x,Kenya,2026-06-02,2026-09-02,4
@kutv_kenya,x,Kenya,2026-07-02,2026-07-02,2
@l0l511,x,Somalia,2026-09-07,2026-09-07,3
@la77465262,x,Somalia,2026-08-13,2026-08-13,2
@ladyperpetuall,x,South Sudan,2026-07-27,2026-07-27,2
@lakecountydem,x,South Sudan,2026-04-28,2026-04-28,3
@landpalestine,x,Somalia,2026-06-22,2026-06-22,2
@laosmaur,x,South Sudan,2026-06-30,2026-06-30,2
@lapsset,x,South Sudan,2026-08-08,2026-08-08,3
@lesibiansinneed,x,South Sudan,2026-07-11,2026-07-11,2
@lgbtqrefugees2,x,South Sudan,2026-08-03,2026-08-03,2
@logan_keiher,x,South Sudan,2026-07-16,2026-07-16,2
@ltntitwe,x,Somalia,2026-07-31,2026-07-31,2
@lulanzeashirafu,x,South Sudan,2026-07-20,2026-07-22,4
@ly00tazion,x,Somalia,2026-06-22,2026-06-22,2
@mKamilMuse6,x,Somalia,2026-07-02,2026-07-11,4
@maalmaker,x,South Sudan,2026-07-20,2026-08-03,4
@macrobianmyth,x,Somalia,2026-06-21,2026-06-21,2
@madenigeria001,x,Somalia,2026-07-30,2026-07-30,2
@mainandegwa232,x,Kenya,2026-06-22,2026-06-22,3
@majerakau,x,South Sudan,2026-07-01,2026-07-01,2
@mananajr_,x,Kenya,2026-07-10,2026-07-10,2
@marcelotom2002,x,Kenya,2026-04-16,2026-04-16,4
@markalefarmaajo2026,tiktok,Somalia,2026-06-13,2026-08-17,13
@marsvip2020,x,South Sudan,2026-07-04,2026-07-04,2
@maryanruun567,tiktok,Somalia,2026-06-10,2026-06-10,2
@mathengetti,x,Kenya,2026-08-14,2026-08-14,2
@mats56455,x,South Sudan,2026-06-25,2026-07-31,18
@mauriceoyamo,x,Kenya,2026-04-24,2026-06-07,4
@mbell____,x,Somalia,2026-06-21,2026-06-21,2
@mboya_beasley,x,South Sudan,2026-08-13,2026-08-13,2
@mchachu_,x,Kenya,2026-08-10,2026-08-21,4
@mda524360,x,South Sudan,2026-06-26,2026-06-26,2
@micchequepod,x,Kenya,2026-06-23,2026-06-23,2
@michealwest142,x,Kenya,2026-07-01,2026-07-01,2
@midnight_b65055,x,South Sudan,2026-06-30,2026-06-30,2
@millardayo,x,Kenya,2026-04-18,2026-04-18,4
@millermartinele,x,South Sudan,2026-08-01,2026-08-07,10
@mintelworld,x,Somalia,2026-06-16,2026-06-23,6
@miromanticizzo,x,Somalia,2026-06-18,2026-06-18,2
@miryar_baloch,x,South Sudan,2026-07-06,2026-07-06,2
@miss_moraa62251,x,Kenya,2026-06-16,2026-06-16,2
@mitugoro2,x,Kenya,2026-05-31,2026-05-31,3
@mkurugezpart2,x,Kenya,2026-08-28,2026-08-28,2
@mmmaher355649,x,South Sudan,2026-07-29,2026-07-29,3
@mo_kogoti,x,Kenya,2026-03-24,2026-03-25,7
@moechesomalia,x,Somalia,2026-06-17,2026-06-17,2
@mofa_koreaz,x,South Sudan,2026-07-10,2026-07-10,3
@mohamedbarre3,x,South Sudan,2026-07-17,2026-07-17,3
@moira_ayo,x,South Sudan,2026-08-13,2026-08-13,2
@moneyacademyKE,x,South Sudan,2026-04-16,2026-07-07,18
@mosemogeni,x,South Sudan,2026-07-23,2026-07-23,2
@moses_kaigi,x,Kenya,2026-03-19,2026-08-14,25
@moshmugabe993,x,South Sudan,2026-07-03,2026-07-03,2
@moumin825,tiktok,Somalia,2026-04-17,2026-04-17,2
@mpc_ug,x,Kenya,2026-07-12,2026-07-12,2
@mrdirye,x,Somalia,2026-08-22,2026-08-22,2
@muchogokariuki,x,Kenya,2026-04-28,2026-08-04,10
@mugasha_edwin,x,South Sudan,2026-07-18,2026-07-18,3
@muharatafoodco,x,South Sudan,2026-07-25,2026-07-25,2
@muki_richard,x,South Sudan,2026-06-29,2026-06-29,2
@mukoya_aywah,x,Kenya,2026-04-23,2026-04-24,8
@mulikuza_jordan,x,Kenya,2026-08-01,2026-08-09,6
@mulinge_muteti_,x,Kenya,2026-04-22,2026-08-04,30
@mulugetaermias1,x,South Sudan,2026-08-01,2026-08-01,2
@mumbikezzie,x,Kenya,2026-04-30,2026-04-30,2
@mundobeto_eng,x,South Sudan,2026-08-02,2026-08-02,3
@munie_ahmed,tiktok,Somalia,2026-05-27,2026-05-27,2
@muriaso,x,Kenya,2026-06-21,2026-06-21,3
@musewelib,x,Somalia,2026-06-17,2026-06-17,2
@musse408,x,Somalia,2026-06-19,2026-06-19,2
@mutongoitvke,x,Kenya,2026-05-25,2026-05-25,2
@mvlqk,x,Somalia,2026-06-14,2026-06-14,2
@mwai_theuri,x,Kenya,2026-04-21,2026-04-21,5
@mwalakapkembu,x,South Sudan,2026-07-26,2026-07-26,2
@mwarsama,x,Kenya,2026-04-16,2026-07-02,6
@mwithigaP,x,Kenya,2026-04-18,2026-04-28,11
@mwm_au,x,Kenya,2026-07-27,2026-08-22,5
@mzeesiraj,x,Somalia,2026-07-23,2026-08-03,9
@naih_diary,x,South Sudan,2026-08-05,2026-08-05,2
@naravit_trend,x,South Sudan,2026-07-27,2026-07-27,2
@nathancofnas,x,Somalia,2026-06-18,2026-06-18,2
@nbstv,x,South Sudan,2026-04-30,2026-08-03,6
@ne0scythian,x,South Sudan,2026-06-26,2026-06-26,2
@nenkinan_deshi,x,South Sudan,2026-04-27,2026-04-27,4
@newto_code_14,x,Kenya,2026-06-18,2026-06-18,4
@newvisionwire,x,South Sudan,2026-07-17,2026-07-17,3
@ngosas,x,Kenya,2026-08-22,2026-08-22,2
@nguchiro47,x,Kenya,2026-08-09,2026-08-29,6
@nickiwisky,x,Kenya,2026-04-22,2026-04-22,2
@nickngei2,x,South Sudan,2026-06-28,2026-06-28,2
@nidadanishtz,x,Kenya,2026-07-24,2026-07-24,2
@niejchijou,x,South Sudan,2026-07-14,2026-07-14,3
@nik_kohek,x,South Sudan,2026-07-31,2026-07-31,2
@nilepostnews,x,South Sudan,2026-07-24,2026-07-24,3
@niwekemia,x,Kenya,2026-07-23,2026-07-23,3
@njoro78,x,Kenya,2026-08-20,2026-08-20,3
@nomadickenyan,x,Kenya,2026-04-28,2026-04-28,3
@nomandatesco,x,Somalia,2026-06-19,2026-06-19,2
@nonchalantly_,x,Somalia,2026-04-19,2026-04-20,4
@noradin_98,x,South Sudan,2026-08-13,2026-08-13,3
@noramohaa,x,Somalia,2026-07-03,2026-07-03,2
@northownerr,x,Somalia,2026-04-18,2026-04-18,2
@novaramedia,x,Somalia,2026-06-19,2026-06-19,2
@noweaponss,x,Somalia,2026-08-26,2026-08-26,8
@nr_xix,x,Somalia,2026-06-20,2026-06-20,2
@ntheg74138xx,x,South Sudan,2026-07-24,2026-07-24,2
@ntvkenya,x,Kenya,2026-04-18,2026-09-07,72
@nuur1_nuur,x,Somalia,2026-06-27,2026-06-28,8
@nziokamul1,x,Kenya,2026-06-05,2026-06-08,5
@o_soomaaliyeed,x,Somalia,2026-08-02,2026-08-03,5
@odanga_r,x,Kenya,2026-04-20,2026-04-20,2
@offroadhq,x,South Sudan,2026-07-18,2026-07-18,2
@offth3radar,x,Somalia,2026-06-19,2026-06-19,3
@ole_sieur,x,Kenya,2026-06-23,2026-06-23,2
@oloojl,x,South Sudan,2026-06-17,2026-06-17,2
@omwamba_ke_,x,Kenya,2026-04-20,2026-04-20,3
@oneal_k_,x,Kenya,2026-05-25,2026-05-25,2
@orengo_james,x,Kenya,2026-06-18,2026-06-19,8
@orina450,x,Kenya,2026-05-27,2026-05-27,2
@otfxv0,x,Kenya,2026-04-27,2026-04-27,4
@otienowill,x,Kenya,2026-06-22,2026-06-22,4
@ouma_neko,x,Kenya,2026-06-16,2026-08-10,33
@oxfamsouthsudan,x,South Sudan,2026-07-05,2026-07-05,3
@oxygen_breeze,x,Somalia,2026-06-16,2026-06-16,3
@paddyonyango,x,Kenya,2026-06-07,2026-06-09,4
@paramos_manuver,x,Kenya,2026-06-20,2026-06-20,2
@patientmbuyi,x,Kenya,2026-08-09,2026-08-09,2
@paulakahumbu,x,Kenya,2026-06-12,2026-06-12,2
@paulinenjoroge,x,Kenya,2026-06-19,2026-06-19,3
@paxangloceltae,x,South Sudan,2026-06-20,2026-06-20,4
@peasantprince_1,x,Kenya,2026-06-21,2026-06-21,4
@penuelist_,x,South Sudan,2026-06-28,2026-06-28,2
@persecondnewsng,x,South Sudan,2026-07-31,2026-07-31,2
@pilothusen,x,Somalia,2026-05-18,2026-07-25,4
@pksalasya,x,Kenya,2026-04-19,2026-04-19,2
@poaenglish,x,South Sudan,2026-07-31,2026-07-31,2
@polo_kimanii,x,Kenya,2026-06-11,2026-06-19,9
@pookiepolls,x,South Sudan,2026-06-19,2026-06-19,2
@primemediakenya,x,Kenya,2026-07-25,2026-07-25,2
@profkagwanja,x,Kenya,2026-06-11,2026-06-11,2
@qataatotv,tiktok,Somalia,2026-08-27,2026-08-27,2
@queenofshiba8,x,Somalia,2026-06-27,2026-06-27,3
@radarafricacom,x,South Sudan,2026-07-18,2026-07-31,4
@raphn,x,Kenya,2026-05-19,2026-08-11,28
@rashiido22,x,Somalia,2026-07-02,2026-07-02,2
@ray_omollo,x,South Sudan,2026-06-16,2026-07-17,5
@razznpin,x,Somalia,2026-06-10,2026-06-26,14
@rbdtv_ke,x,Kenya,2026-03-20,2026-03-20,2
@realAlyasa,x,Somalia,2026-09-06,2026-09-06,2
@realJohnAbu,x,South Sudan,2026-06-28,2026-06-28,2
@realabamake,x,South Sudan,2026-07-29,2026-07-29,2
@realnikohouse,x,Somalia,2026-06-20,2026-06-20,3
@realrxAFC,x,Somalia,2026-06-21,2026-06-21,2
@recognizeSL,x,Somalia,2026-04-18,2026-04-30,15
@redheadranting,x,Somalia,2026-04-18,2026-04-18,2
@reliefweb,x,South Sudan,2026-07-11,2026-07-11,2
@renovationduoke,x,Kenya,2026-04-28,2026-04-28,2
@rheytah,x,South Sudan,2026-04-28,2026-04-28,2
@riek_madit9,x,South Sudan,2026-06-23,2026-06-23,2
@rigathi,x,Kenya,2026-06-12,2026-07-27,21
@rkmtimes,x,South Sudan,2026-07-06,2026-07-06,2
@rnovak1988,x,South Sudan,2026-06-30,2026-06-30,2
@ross_willi56408,x,South Sudan,2026-07-07,2026-07-07,2
@royalmediatz,x,Kenya,2026-06-20,2026-06-26,4
@rubenfm999,x,Kenya,2026-08-17,2026-08-30,23
@rukigafm,x,South Sudan,2026-06-25,2026-06-25,2
@rutomustgo2,x,Kenya,2026-06-10,2026-06-10,2
@ruzekitweets,x,Kenya,2026-04-25,2026-04-25,8
@rx_6662,x,South Sudan,2026-03-30,2026-03-30,3
@s0omali,x,Somalia,2026-03-26,2026-03-26,4
@sabti777,tiktok,Somalia,2026-06-22,2026-08-17,23
@safarimlevi,x,Kenya,2026-06-29,2026-06-29,2
@safiirk,x,Somalia,2026-08-30,2026-09-07,5
@samuelwasilwa5,x,Kenya,2026-07-31,2026-07-31,2
@sanchoyai,x,South Sudan,2026-07-06,2026-07-06,2
@sandeepkaushis4,x,South Sudan,2026-08-10,2026-08-10,2
@sanjoychakra,x,South Sudan,2026-08-03,2026-08-03,2
@sdigiustizia,x,South Sudan,2026-06-18,2026-06-18,3
@seniorHear8090,x,Kenya,2026-04-24,2026-04-24,2
@sesrp_somalia,x,Somalia,2026-06-21,2026-06-21,2
@sgingoshots,x,South Sudan,2026-04-21,2026-04-27,21
@sh..hilibiyobariis,tiktok,Somalia,2026-06-19,2026-06-27,4
@shafici_Gul,x,Somalia,2026-08-30,2026-08-30,2
@shakikokipz_bii,x,Kenya,2026-09-02,2026-09-02,2
@shamir_de,x,South Sudan,2026-07-17,2026-07-17,3
@shekhbashir119,x,Somalia,2026-04-26,2026-04-26,2
@shirdoon_,tiktok,Somalia,2026-03-26,2026-03-26,2
@sholard_mancity,x,Kenya,2026-06-11,2026-06-23,15
@shuya_products,x,South Sudan,2026-06-25,2026-06-25,2
@siasainsider,x,Kenya,2026-07-26,2026-07-26,2
@sifa_bavina,x,Kenya,2026-07-29,2026-07-29,2
@siinchol,x,South Sudan,2026-08-07,2026-08-07,3
@simbaradio,x,Kenya,2026-04-24,2026-04-24,2
@simonso15792314,x,South Sudan,2026-04-28,2026-04-28,2
@sinrenovat,x,Kenya,2026-06-23,2026-06-23,2
@sir_yaquup81969,x,Somalia,2026-05-19,2026-05-19,2
@sjp2cgulu,x,South Sudan,2026-07-11,2026-07-11,2
@skmusyoka,x,Kenya,2026-06-14,2026-06-19,6
@slmiheso,x,Kenya,2026-04-24,2026-04-24,2
@smanga_m,x,Kenya,2026-04-23,2026-04-23,2
@smartsuzysunset,x,South Sudan,2026-06-27,2026-06-27,2
@smutoro,x,South Sudan,2026-06-21,2026-07-08,4
@sndwky,x,South Sudan,2026-03-19,2026-03-19,2
@sntvnews1,x,Somalia,2026-06-14,2026-06-20,10
@somalia_section,x,Somalia,2026-04-20,2026-04-21,9
@somalifreethinker1,tiktok,Somalia,2026-09-05,2026-09-05,2
@somaligeezer,x,Somalia,2026-06-18,2026-08-16,11
@somalinimooo,x,Somalia,2026-04-26,2026-05-25,10
@somalischolarseng_,tiktok,Somalia,2026-04-22,2026-09-06,48
@sonofgurey,x,Somalia,2026-06-16,2026-06-16,2
@soomaalis,tiktok,Somalia,2026-06-26,2026-09-07,4
@soomal252,x,Somalia,2026-05-17,2026-05-17,2
@sov_media,x,South Sudan,2026-06-18,2026-08-09,35
@sportv,x,Somalia,2026-06-11,2026-06-11,2
@sputnik_africa,x,South Sudan,2026-06-23,2026-08-04,21
@ssemtv,x,South Sudan,2026-05-16,2026-08-13,129
@ssfa_com,x,South Sudan,2026-04-19,2026-04-19,6
@stats_feed,x,South Sudan,2026-07-28,2026-07-28,4
@stats_planet,x,South Sudan,2026-07-28,2026-07-28,2
@stats_wire,x,South Sudan,2026-06-28,2026-07-28,20
@statsglobe,x,South Sudan,2026-07-02,2026-07-14,7
@stephenwanga15,x,Kenya,2026-04-24,2026-04-24,2
@stevieben93,x,South Sudan,2026-06-30,2026-06-30,2
@stockbella,x,South Sudan,2026-08-08,2026-08-08,2
@strikemachine95,x,South Sudan,2026-07-19,2026-07-19,3
@suad_a62129,x,Somalia,2026-06-11,2026-06-11,2
@supernova_ken,x,Kenya,2026-07-06,2026-07-06,2
@survivalAlerts,x,Somalia,2026-04-20,2026-04-20,6
@swahilitimes,x,Kenya,2026-05-28,2026-09-07,325
@sweetaaliya,x,Somalia,2026-06-26,2026-07-03,18
@sweynglaze,x,Somalia,2026-04-25,2026-04-25,3
@sycamore_times,x,South Sudan,2026-03-30,2026-03-30,2
@t.20.24,tiktok,Somalia,2026-04-24,2026-09-01,63
@tekashi_ke_254_,x,Kenya,2026-07-30,2026-07-30,3
@telesurenglish,x,South Sudan,2026-06-27,2026-06-27,3
@tha_ebony,x,Kenya,2026-04-16,2026-04-16,2
@thatoptometrist,x,South Sudan,2026-07-20,2026-07-20,3
@theHubTVke,x,Kenya,2026-03-23,2026-03-24,8
@thebhlub,x,Somalia,2026-04-17,2026-04-17,4
@thedailysaudi,x,South Sudan,2026-06-28,2026-06-28,3
@thee_alfa_house,x,Kenya,2026-06-11,2026-06-11,2
@thehoffather,x,Somalia,2026-06-16,2026-06-16,2
@thekenyatimes,x,South Sudan,2026-07-01,2026-07-24,9
@thekingofkangz,x,Somalia,2026-06-15,2026-06-15,3
@themtkenyatimes,x,Kenya,2026-09-05,2026-09-05,4
@therealmissjo,x,South Sudan,2026-07-30,2026-07-30,2
@therealriq4real,tiktok,Somalia,2026-06-29,2026-08-06,8
@thesomaliarchiv,x,Somalia,2026-06-11,2026-06-18,10
@thesudantimes,x,South Sudan,2026-04-16,2026-08-31,63
@thetowerpost,x,South Sudan,2026-03-23,2026-09-02,14
@theutdcode,x,Kenya,2026-08-14,2026-08-14,2
@thisispinguini,x,Kenya,2026-07-30,2026-07-30,2
@thuzar_aun41690,x,South Sudan,2026-07-02,2026-07-02,3
@tiidrotafrikka2,x,Kenya,2026-06-18,2026-07-23,4
@timothyturunga,x,Kenya,2026-04-20,2026-04-20,4
@tko16301630,x,South Sudan,2026-06-30,2026-06-30,2
@tobrok2,x,Kenya,2026-07-15,2026-07-15,2
@tolonyach,x,South Sudan,2026-07-21,2026-07-21,3
@tonyalfredk,x,Kenya,2026-06-25,2026-06-25,2
@tonykaromo,x,Kenya,2026-07-01,2026-07-01,2
@tooshka2000,tiktok,Somalia,2026-03-23,2026-03-25,4
@tooshka_gaalada,tiktok,Somalia,2026-04-16,2026-04-17,6
@tooxow2011,x,Somalia,2026-06-13,2026-06-13,2
@tradingroomke,x,Kenya,2026-03-23,2026-03-23,2
@trtafrika,x,South Sudan,2026-04-18,2026-07-20,10
@truthtroll_X,x,Somalia,2026-06-11,2026-06-11,3
@tubamorg,x,South Sudan,2026-06-30,2026-06-30,2
@tuncdemirtas,x,Somalia,2026-06-12,2026-06-12,2
@turanbulent,x,Somalia,2026-06-20,2026-06-20,2
@tv47digital,x,Kenya,2026-04-20,2026-07-04,8
@twolves2025,x,Somalia,2026-03-26,2026-03-26,4
@u_sherehe,x,Kenya,2026-04-22,2026-04-22,2
@ubasanius,x,South Sudan,2026-06-14,2026-06-14,3
@uctvuganda,x,South Sudan,2026-07-21,2026-07-21,2
@ugandarn,x,South Sudan,2026-07-09,2026-07-09,2
@uhel,x,South Sudan,2026-06-29,2026-06-29,3
@uk_nup,x,South Sudan,2026-07-19,2026-08-02,5
@umutcagrisariii,x,Somalia,2026-04-20,2026-06-20,19
@undpsouthsudan,x,South Sudan,2026-06-19,2026-08-07,27
@unicefssudan,x,South Sudan,2026-06-14,2026-08-11,31
@universalnewsx,x,South Sudan,2026-08-10,2026-08-10,3
@unmissmedia,x,South Sudan,2026-04-18,2026-08-19,34
@untitledgreaf,x,South Sudan,2026-08-09,2026-08-09,3
@utdKenani,x,Kenya,2026-04-30,2026-04-30,2
@uusseer22,x,Kenya,2026-07-10,2026-07-10,2
@uuwebi,x,Somalia,2026-06-17,2026-06-17,2
@validhoop,x,South Sudan,2026-07-28,2026-07-28,2
@vaultech_3,x,Somalia,2026-06-20,2026-06-20,2
@vianratulangi,x,South Sudan,2026-04-30,2026-04-30,2
@vimatosh,x,Kenya,2026-03-26,2026-03-26,2
@visegrad24,x,Somalia,2026-06-18,2026-06-24,7
@vonodin420,x,Kenya,2026-08-05,2026-08-05,2
@w0rkt0eat,x,South Sudan,2026-07-14,2026-07-14,2
@waGishweri,x,Kenya,2026-07-03,2026-07-03,3
@wa_ngachu,x,Kenya,2026-04-22,2026-04-22,4
@waamokingg,x,Somalia,2026-07-06,2026-07-06,2
@wacdar,x,Somalia,2026-04-28,2026-07-19,16
@wahomethuku,x,Kenya,2026-06-14,2026-06-14,2
@wakeupfudhi,x,Kenya,2026-08-12,2026-08-12,2
@wakimuyu,x,Kenya,2026-04-24,2026-04-26,8
@wambokamaa,x,Kenya,2026-03-24,2026-08-05,18
@wanasiy,x,Somalia,2026-08-16,2026-08-16,2
@wanguiwambeca,x,Kenya,2026-08-11,2026-08-11,4
@wanguwamajani,x,Kenya,2026-04-22,2026-06-03,8
@warDaniel47,x,South Sudan,2026-08-12,2026-08-12,3
@war_noir,x,South Sudan,2026-07-02,2026-07-02,2
@wariye__deeqsi,tiktok,Somalia,2026-07-22,2026-09-07,8
@warsamohamed84,x,Somalia,2026-06-25,2026-06-25,3
@watotochurch,x,South Sudan,2026-06-27,2026-06-27,3
@waziri_fujo,x,Kenya,2026-07-22,2026-07-22,2
@webolee,x,Somalia,2026-08-25,2026-08-25,4
@welovedotrw,x,South Sudan,2026-06-23,2026-06-23,2
@weloveghana042,x,South Sudan,2026-08-04,2026-08-04,2
@westernregion60,x,Kenya,2026-07-20,2026-07-20,2
@westle3go,x,Somalia,2026-06-21,2026-06-21,2
@westtoeastt,x,Somalia,2026-04-23,2026-04-24,4
@wil_sonn1,x,Kenya,2026-06-18,2026-06-18,3
@william_ka32259,x,South Sudan,2026-07-02,2026-07-02,2
@willkirima,x,Kenya,2026-04-19,2026-04-19,3
@xbongo4,x,South Sudan,2026-07-21,2026-07-21,2
@xidigyaal,x,Somalia,2026-07-13,2026-07-19,10
@xlov33,x,Somalia,2026-03-26,2026-09-05,31
@xoogagga,x,Somalia,2026-04-22,2026-08-27,43
@xxx_kingahmed,x,Somalia,2026-05-30,2026-05-30,2
@ya5inoo,x,Somalia,2026-06-05,2026-06-05,2
@yaba_james,x,South Sudan,2026-08-06,2026-08-06,3
@yagga08,x,South Sudan,2026-07-12,2026-07-12,3
@yaqubal08058172,x,Somalia,2026-04-18,2026-04-18,5
@yasin1449,x,Somalia,2026-05-16,2026-05-30,17
@yohanna680,x,Kenya,2026-07-06,2026-07-06,2
@yonezo4649,x,South Sudan,2026-04-27,2026-04-30,12
@yussufholcaye,tiktok,Somalia,2026-03-19,2026-08-26,17
@zablonorina1,x,Kenya,2026-07-04,2026-07-05,4
@zack_diary,x,South Sudan,2026-07-13,2026-08-04,5
@zadiozadio123,x,Somalia,2026-09-06,2026-09-06,2
@zaki24s,x,Somalia,2026-06-21,2026-06-21,2
@zambiahunt,x,South Sudan,2026-07-10,2026-07-13,5
@zeph_nyandika,x,South Sudan,2026-08-03,2026-08-03,3
@zetacompa,x,South Sudan,2026-04-22,2026-04-22,2
@zimlive,x,Kenya,2026-06-16,2026-06-16,3
@zoetjesheeftX,x,Kenya,2026-06-08,2026-06-08,2
@zoomafrika1,x,South Sudan,2026-06-05,2026-08-09,17
Unknown,x,South Sudan,2026-04-17,2026-06-21,22
